Employee_ID,First_Name,Last_Name,Hire_Date,Termination_Date,Current_Status,Termination_Type,Department,Business_Unit,Global_Region,Work_Location_Country,Gender,Ethnicity,Age,Job_Level,Performance_Rating,Last_Promotion_Date
SNDZ0001,Hannah,Gupta,2019-01-30,,Active,,Engineering,Consumer,AMER,US,Female,Asian,48,3 (Mid),3 Meets,2021-05-07
SNDZ0002,William,Lee,2022-12-02,,Active,,R&D,Enterprise,AMER,US,Female,Asian,65,5 (Dir),3 Meets,
SNDZ0003,Jonas,Wang,2017-06-10,,Active,,Sales,Consumer,EMEA,UK,Female,Hispanic,52,3 (Mid),2 Below Meets,2018-08-29
SNDZ0004,Vikram,Anderson,2013-09-24,,Active,,HR,Product,APAC,China,Male,Asian,51,3 (Mid),2 Below Meets,2023-05-13
SNDZ0005,Maya,Davis,2020-02-24,2023-02-14,Separated,Voluntary,HR,Product,AMER,US,Male,Hispanic,35,2 (Mid),4 Exceeds,
SNDZ0006,Noah,Miller,2018-03-15,,Active,,Sales,Consumer,AMER,US,Male,Hispanic,34,4 (Sr),3 Meets,2022-06-04
SNDZ0007,Omar,Anderson,2021-05-05,,Active,,Finance,Audit,AMER,US,Male,Asian,53,2 (Mid),1 Below Meets,
SNDZ0008,Liam,Bennett,2023-06-26,,Active,,R&D,Enterprise,EMEA,Germany,Male,Caucasian,51,5 (Dir),3 Meets,2025-02-10
SNDZ0009,Priya,Garcia,2022-08-17,,Active,,Sales,Enterprise,AMER,Brazil,Female,Hispanic,47,1 (Jr),1 Below Meets,
SNDZ0010,Henry,Lewis,2014-05-11,2017-11-01,Separated,Voluntary,Sales,Enterprise,AMER,US,Male,Caucasian,43,2 (Mid),3 Meets,2015-11-25
SNDZ0011,Benjamin,Thomas,2016-05-03,,Active,,HR,Product,AMER,US,Female,Asian,50,2 (Mid),1 Below Meets,2022-09-27
SNDZ0012,Fatima,Wang,2018-06-13,,Active,,Engineering,Talent,AMER,US,Female,Caucasian,26,3 (Mid),2 Below Meets,
SNDZ0013,Liam,Miller,2015-11-23,,Active,,Finance,Consumer,AMER,US,Female,Black,38,2 (Mid),3 Meets,2023-07-24
SNDZ0014,Emma,Bennett,2015-08-14,,Active,,R&D,Audit,APAC,India,Female,Caucasian,47,2 (Mid),3 Meets,2024-08-01
SNDZ0015,Lucas,Hoffman,2016-03-03,,Active,,Engineering,Product,AMER,US,Male,Caucasian,43,3 (Mid),4 Exceeds,2017-12-22
SNDZ0016,Priya,Walker,2022-06-24,,Active,,Sales,Consumer,AMER,Brazil,Female,Black,43,1 (Jr),3 Meets,2024-09-17
SNDZ0017,Camila,Kumar,2014-07-13,,Active,,Engineering,Enterprise,EMEA,Germany,Female,Caucasian,59,3 (Mid),4 Exceeds,2023-06-16
SNDZ0018,Chloe,Williams,2020-03-23,,Active,,Finance,Product,AMER,Brazil,Female,Black,29,2 (Mid),3 Meets,2021-12-04
SNDZ0019,Priya,Miller,2023-06-13,,Active,,Engineering,Product,AMER,US,Male,Black,41,4 (Sr),4 Exceeds,2025-04-09
SNDZ0020,Maya,Smith,2016-10-30,,Active,,R&D,Talent,AMER,US,Male,Black,52,1 (Jr),3 Meets,
SNDZ0021,Ravi,Hoffman,2023-08-31,,Active,,Sales,Audit,EMEA,Germany,Male,Black,42,2 (Mid),3 Meets,
SNDZ0022,Daniel,Shah,2016-09-05,2025-03-06,Separated,Voluntary,Sales,Enterprise,APAC,China,Male,Caucasian,49,2 (Mid),3 Meets,2024-12-30
SNDZ0023,Benjamin,Roberts,2022-06-15,,Active,,Engineering,Consumer,AMER,Brazil,Female,Black,56,1 (Jr),5 Exceeds,2023-09-06
SNDZ0024,Camila,Bennett,2019-03-05,,Active,,Sales,Consumer,EMEA,Germany,Male,Hispanic,30,1 (Jr),4 Exceeds,2020-03-04
SNDZ0025,Nadia,Garcia,2016-07-15,,Active,,Engineering,Enterprise,AMER,US,Female,Caucasian,27,4 (Sr),1 Below Meets,
SNDZ0026,Maya,Thomas,2018-10-06,,Active,,Sales,Audit,AMER,Brazil,Female,Black,22,1 (Jr),3 Meets,2022-07-06
SNDZ0027,Grace,Clark,2018-01-24,,Active,,HR,Talent,APAC,India,Female,Asian,42,2 (Mid),2 Below Meets,
SNDZ0028,Kabir,Schmidt,2019-02-17,,Active,,Sales,Product,AMER,US,Female,Hispanic,51,2 (Mid),4 Exceeds,2022-10-11
SNDZ0029,Lucas,Wang,2015-01-27,,Active,,Engineering,Product,AMER,US,Female,Black,40,2 (Mid),3 Meets,
SNDZ0030,Maya,Clark,2016-06-29,,Active,,R&D,Audit,AMER,US,Male,Asian,61,4 (Sr),3 Meets,2019-03-06
SNDZ0031,Hannah,Brown,2022-10-24,,Active,,HR,Talent,AMER,US,Female,Asian,49,6 (VP),2 Below Meets,2025-02-24
SNDZ0032,Ethan,Taylor,2014-03-26,,Active,,Sales,Audit,AMER,US,Male,Caucasian,33,3 (Mid),4 Exceeds,
SNDZ0033,William,Brown,2014-11-13,,Active,,Engineering,Product,AMER,US,Male,Black,56,5 (Dir),3 Meets,2017-11-08
SNDZ0034,Grace,Thomas,2023-09-19,,Active,,HR,Product,AMER,US,Male,Asian,38,4 (Sr),3 Meets,2025-01-23
SNDZ0035,David,Kumar,2022-02-23,,Active,,HR,Enterprise,EMEA,UK,Female,Hispanic,52,4 (Sr),3 Meets,2025-02-24
SNDZ0036,Vikram,Williams,2020-10-27,,Active,,Engineering,Enterprise,EMEA,UK,Female,Caucasian,28,4 (Sr),2 Below Meets,2024-08-23
SNDZ0037,Ravi,Thompson,2016-06-05,,Active,,Engineering,Product,AMER,US,Female,Caucasian,63,1 (Jr),3 Meets,2021-08-14
SNDZ0038,Ethan,Garcia,2019-10-19,,Active,,R&D,Audit,AMER,US,Male,Asian,50,4 (Sr),5 Exceeds,
SNDZ0039,Jonas,Anderson,2017-08-16,,Active,,R&D,Product,AMER,US,Female,Hispanic,46,5 (Dir),3 Meets,
SNDZ0040,Nadia,Thomas,2022-04-02,,Active,,Sales,Consumer,AMER,US,Female,Asian,40,3 (Mid),2 Below Meets,2024-08-26
SNDZ0041,Sophia,Thompson,2023-03-27,,Active,,HR,Consumer,AMER,US,Male,Asian,31,5 (Dir),4 Exceeds,2025-05-18
SNDZ0042,Michael,Brown,2023-03-26,2023-08-14,Separated,Voluntary,R&D,Consumer,AMER,Brazil,Male,Caucasian,35,3 (Mid),5 Exceeds,
SNDZ0043,Liam,Wang,2015-08-19,,Active,,HR,Enterprise,EMEA,Germany,Female,Black,40,1 (Jr),5 Exceeds,2024-03-14
SNDZ0044,Kabir,Kim,2014-01-25,,Active,,Engineering,Consumer,AMER,US,Female,Asian,62,6 (VP),4 Exceeds,2022-10-23
SNDZ0045,Henry,Morgan,2020-01-06,,Active,,Sales,Enterprise,APAC,India,Male,Black,65,4 (Sr),2 Below Meets,
SNDZ0046,Jasmine,Johnson,2018-10-28,,Active,,Sales,Talent,AMER,US,Male,Caucasian,37,6 (VP),3 Meets,2022-12-31
SNDZ0047,Ravi,Smith,2019-07-12,,Active,,Engineering,Consumer,AMER,US,Female,Asian,45,2 (Mid),3 Meets,
SNDZ0048,Olivia,Kim,2018-06-07,,Active,,Sales,Enterprise,AMER,US,Female,Black,50,4 (Sr),3 Meets,2020-02-23
SNDZ0049,Jonas,Williams,2016-10-13,,Active,,HR,Consumer,APAC,China,Female,Asian,53,3 (Mid),5 Exceeds,
SNDZ0050,Aarav,Clark,2017-11-12,,Active,,Engineering,Enterprise,APAC,China,Male,Hispanic,38,5 (Dir),2 Below Meets,2024-12-07
SNDZ0051,Emma,Zhang,2015-10-23,,Active,,Engineering,Consumer,AMER,US,Female,Asian,53,5 (Dir),4 Exceeds,2024-01-28
SNDZ0052,William,Wilson,2015-06-17,,Active,,Sales,Enterprise,AMER,US,Male,Caucasian,45,4 (Sr),4 Exceeds,2021-08-03
SNDZ0053,Michael,Khan,2020-03-22,,Active,,Sales,Enterprise,EMEA,UK,Male,Caucasian,55,3 (Mid),4 Exceeds,2023-01-23
SNDZ0054,James,Gupta,2016-12-17,,Active,,R&D,Product,AMER,US,Female,Hispanic,45,7 (Admin),3 Meets,
SNDZ0055,Priya,Garcia,2023-08-20,,Active,,Sales,Consumer,APAC,India,Male,Asian,22,2 (Mid),4 Exceeds,2024-09-03
SNDZ0056,Noah,Thomas,2016-01-07,,Active,,R&D,Talent,AMER,Brazil,Female,Black,35,3 (Mid),4 Exceeds,
SNDZ0057,Noah,Gupta,2016-11-20,,Active,,Engineering,Consumer,AMER,US,Female,Hispanic,64,4 (Sr),3 Meets,
SNDZ0058,Emma,Hoffman,2020-04-13,,Active,,Sales,Enterprise,AMER,US,Female,Black,53,1 (Jr),3 Meets,2021-05-18
SNDZ0059,Ethan,Johnson,2019-09-25,,Active,,Engineering,Consumer,APAC,China,Female,Asian,62,4 (Sr),5 Exceeds,2022-10-10
SNDZ0060,Amelia,Brown,2014-02-23,,Active,,HR,Consumer,AMER,US,Male,Asian,46,2 (Mid),4 Exceeds,
SNDZ0061,Vikram,Hoffman,2021-07-26,2022-02-18,Separated,Voluntary,Finance,Product,AMER,US,Female,Asian,58,3 (Mid),3 Meets,
SNDZ0062,Ethan,Hoffman,2016-08-17,,Active,,Engineering,Consumer,EMEA,Germany,Male,Black,64,6 (VP),3 Meets,2019-09-29
SNDZ0063,Maya,Bennett,2017-04-11,,Active,,Engineering,Enterprise,EMEA,Germany,Female,Hispanic,48,5 (Dir),1 Below Meets,2020-03-14
SNDZ0064,Ryan,Anderson,2021-03-14,,Active,,Sales,Consumer,APAC,China,Female,Asian,51,4 (Sr),3 Meets,2024-07-14
SNDZ0065,Noah,Walker,2021-02-14,,Active,,Finance,Enterprise,AMER,US,Female,Asian,58,5 (Dir),3 Meets,2022-05-17
SNDZ0066,Rachel,Khan,2022-06-14,,Active,,R&D,Product,APAC,China,Male,Asian,35,3 (Mid),4 Exceeds,
SNDZ0067,Fatima,Harris,2018-05-07,,Active,,Sales,Enterprise,AMER,US,Female,Caucasian,47,4 (Sr),4 Exceeds,
SNDZ0068,Ryan,Chen,2022-09-19,,Active,,R&D,Enterprise,AMER,Brazil,Female,Black,47,4 (Sr),1 Below Meets,
SNDZ0069,Omar,Zhang,2021-10-03,,Active,,Engineering,Enterprise,AMER,Brazil,Male,Hispanic,31,4 (Sr),3 Meets,
SNDZ0070,Ravi,Williams,2019-06-10,,Active,,Sales,Product,EMEA,Germany,Male,Asian,57,1 (Jr),4 Exceeds,
SNDZ0071,Arjun,Schmidt,2018-12-21,,Active,,Sales,Talent,AMER,US,Male,Caucasian,51,2 (Mid),5 Exceeds,2022-06-09
SNDZ0072,Vikram,Chen,2015-12-15,,Active,,Engineering,Consumer,AMER,Brazil,Female,Caucasian,41,4 (Sr),1 Below Meets,2018-12-18
SNDZ0073,Rachel,Williams,2017-07-09,,Active,,Finance,Consumer,APAC,China,Female,Hispanic,36,2 (Mid),4 Exceeds,2022-11-09
SNDZ0074,Hannah,Bennett,2018-06-25,,Active,,Sales,Enterprise,AMER,US,Male,Asian,59,1 (Jr),3 Meets,2023-08-23
SNDZ0075,Ethan,Roberts,2017-01-24,,Active,,Finance,Enterprise,AMER,US,Female,Caucasian,36,4 (Sr),3 Meets,
SNDZ0076,Liam,Miller,2015-11-24,,Active,,Sales,Consumer,AMER,Brazil,Female,Asian,38,1 (Jr),3 Meets,2024-06-20
SNDZ0077,Elena,Shah,2020-12-29,,Active,,Sales,Enterprise,APAC,China,Male,Caucasian,42,2 (Mid),4 Exceeds,2024-12-04
SNDZ0078,Fatima,Schmidt,2021-09-01,,Active,,Engineering,Talent,EMEA,UK,Male,Asian,42,1 (Jr),3 Meets,2024-11-05
SNDZ0079,James,Morgan,2019-10-04,,Active,,Engineering,Consumer,AMER,US,Male,Black,34,2 (Mid),3 Meets,2021-05-17
SNDZ0080,Aisha,Bennett,2013-04-07,,Active,,Finance,Talent,AMER,US,Female,Asian,51,1 (Jr),5 Exceeds,2018-03-20
SNDZ0081,David,Wilson,2019-06-11,,Active,,R&D,Enterprise,AMER,US,Male,Asian,40,5 (Dir),3 Meets,2020-09-08
SNDZ0082,Nadia,Wang,2014-04-02,,Active,,Sales,Consumer,AMER,US,Female,Caucasian,50,3 (Mid),4 Exceeds,
SNDZ0083,Julia,Bennett,2015-03-23,,Active,,Engineering,Product,AMER,US,Male,Asian,39,4 (Sr),2 Below Meets,
SNDZ0084,Sofia,Chen,2020-02-03,,Active,,HR,Consumer,EMEA,UK,Male,Caucasian,49,1 (Jr),3 Meets,
SNDZ0085,Grace,Lee,2014-01-15,,Active,,Sales,Consumer,AMER,US,Female,Asian,50,3 (Mid),3 Meets,2025-06-15
SNDZ0086,Daniel,Thompson,2022-04-04,,Active,,Sales,Consumer,AMER,US,Male,Caucasian,37,3 (Mid),1 Below Meets,2023-05-21
SNDZ0087,Priya,Chen,2014-05-18,,Active,,R&D,Product,AMER,US,Male,Caucasian,33,3 (Mid),1 Below Meets,2017-11-28
SNDZ0088,Kabir,Thomas,2019-12-01,,Active,,Engineering,Audit,APAC,China,Male,Caucasian,62,4 (Sr),5 Exceeds,2023-07-09
SNDZ0089,Elena,Anderson,2023-05-05,,Active,,Finance,Talent,AMER,US,Female,Asian,36,3 (Mid),3 Meets,2025-02-23
SNDZ0090,Sophia,Brown,2018-12-28,,Active,,Engineering,Enterprise,AMER,US,Male,Caucasian,51,2 (Mid),4 Exceeds,
SNDZ0091,Jasmine,Anderson,2013-10-14,,Active,,Engineering,Enterprise,AMER,US,Female,Caucasian,37,1 (Jr),1 Below Meets,
SNDZ0092,Aisha,Brown,2017-12-03,,Active,,HR,Enterprise,APAC,India,Male,Asian,33,5 (Dir),3 Meets,
SNDZ0093,Hannah,Wilson,2020-04-19,,Active,,Engineering,Consumer,EMEA,Germany,Female,Caucasian,47,5 (Dir),2 Below Meets,2022-04-09
SNDZ0094,James,Khan,2018-01-17,,Active,,Sales,Audit,AMER,US,Female,Caucasian,51,2 (Mid),3 Meets,2020-10-12
SNDZ0095,Ravi,Harris,2018-10-21,2024-09-10,Separated,Voluntary,Sales,Consumer,AMER,US,Male,Asian,37,2 (Mid),2 Below Meets,
SNDZ0096,Ryan,Shah,2013-03-05,,Active,,Engineering,Product,APAC,China,Female,Caucasian,48,3 (Mid),3 Meets,2021-06-14
SNDZ0097,James,Kumar,2013-01-21,,Active,,R&D,Product,EMEA,UK,Female,Black,35,3 (Mid),3 Meets,2025-04-18
SNDZ0098,Noah,Thompson,2017-11-01,,Active,,Finance,Talent,AMER,US,Female,Black,39,2 (Mid),1 Below Meets,2022-07-22
SNDZ0099,Elena,Shah,2019-08-02,,Active,,Engineering,Enterprise,AMER,US,Female,Hispanic,37,4 (Sr),5 Exceeds,2021-03-19
SNDZ0100,Maya,Wang,2023-04-26,,Active,,Engineering,Enterprise,AMER,US,Female,Asian,43,5 (Dir),4 Exceeds,
SNDZ0101,Elena,Anderson,2018-09-09,2021-02-08,Separated,Voluntary,Finance,Product,AMER,US,Female,Asian,54,2 (Mid),2 Below Meets,
SNDZ0102,Maya,Davis,2013-05-04,,Active,,R&D,Audit,APAC,India,Female,Hispanic,47,4 (Sr),3 Meets,
SNDZ0103,Hannah,Harris,2023-09-24,,Active,,Engineering,Enterprise,AMER,US,Female,Black,45,2 (Mid),4 Exceeds,
SNDZ0104,Chloe,Shah,2013-03-27,2025-07-13,Separated,Voluntary,Sales,Consumer,AMER,US,Female,Asian,33,1 (Jr),3 Meets,2015-05-14
SNDZ0105,Kabir,Brown,2017-05-20,,Active,,Finance,Audit,AMER,US,Female,Hispanic,52,4 (Sr),2 Below Meets,2024-06-15
SNDZ0106,Ryan,Thomas,2015-08-12,,Active,,HR,Enterprise,AMER,US,Male,Asian,42,3 (Mid),3 Meets,2017-04-05
SNDZ0107,Olivia,Kumar,2020-06-27,,Active,,Sales,Product,AMER,US,Female,Asian,45,1 (Jr),3 Meets,2022-08-22
SNDZ0108,David,Miller,2015-06-10,,Active,,R&D,Audit,AMER,US,Female,Asian,46,3 (Mid),4 Exceeds,2021-06-10
SNDZ0109,Daniel,Bennett,2014-05-29,,Active,,Engineering,Audit,EMEA,Germany,Male,Black,56,2 (Mid),5 Exceeds,2016-09-25
SNDZ0110,Camila,Zhang,2013-01-14,,Active,,Finance,Enterprise,AMER,US,Female,Black,29,1 (Jr),4 Exceeds,2024-04-19
SNDZ0111,Rachel,Morgan,2016-12-02,,Active,,R&D,Consumer,EMEA,Germany,Male,Black,49,5 (Dir),3 Meets,2021-11-18
SNDZ0112,Camila,Wang,2022-12-28,,Active,,Finance,Talent,EMEA,UK,Female,Black,45,6 (VP),5 Exceeds,2024-09-06
SNDZ0113,Elena,Davis,2022-01-07,,Active,,Sales,Talent,AMER,Brazil,Male,Black,51,3 (Mid),2 Below Meets,2023-04-04
SNDZ0114,Julia,Kumar,2019-04-18,,Active,,HR,Enterprise,APAC,China,Female,Asian,54,2 (Mid),3 Meets,
SNDZ0115,Omar,Hoffman,2016-08-24,,Active,,Finance,Enterprise,AMER,US,Male,Caucasian,36,2 (Mid),4 Exceeds,2022-05-27
SNDZ0116,James,Brown,2016-03-09,,Active,,R&D,Talent,AMER,US,Male,Black,61,1 (Jr),4 Exceeds,2017-11-13
SNDZ0117,Elena,Williams,2020-04-09,,Active,,R&D,Product,AMER,US,Female,Caucasian,34,5 (Dir),4 Exceeds,
SNDZ0118,Amelia,Gupta,2013-10-03,,Active,,R&D,Enterprise,EMEA,UK,Male,Asian,41,3 (Mid),3 Meets,
SNDZ0119,Ravi,Wilson,2017-11-25,2023-01-18,Separated,Voluntary,Engineering,Enterprise,AMER,Brazil,Male,Asian,45,2 (Mid),3 Meets,
SNDZ0120,Ethan,Roberts,2018-10-09,,Active,,Sales,Consumer,AMER,US,Female,Caucasian,54,3 (Mid),3 Meets,2020-08-18
SNDZ0121,Fatima,Morgan,2014-10-24,,Active,,Sales,Consumer,AMER,Brazil,Male,Asian,28,2 (Mid),3 Meets,2024-08-10
SNDZ0122,Ethan,Bennett,2016-09-26,,Active,,Finance,Enterprise,AMER,US,Female,Caucasian,43,2 (Mid),3 Meets,2023-09-06
SNDZ0123,Kabir,Williams,2013-07-25,,Active,,R&D,Product,AMER,US,Male,Hispanic,32,3 (Mid),3 Meets,
SNDZ0124,William,Schmidt,2014-06-17,,Active,,HR,Enterprise,AMER,US,Female,Asian,48,3 (Mid),4 Exceeds,
SNDZ0125,Henry,Garcia,2017-05-17,,Active,,R&D,Consumer,AMER,US,Female,Hispanic,42,1 (Jr),4 Exceeds,2018-11-25
SNDZ0126,Liam,Davis,2014-01-18,,Active,,Sales,Enterprise,AMER,US,Female,Asian,41,1 (Jr),5 Exceeds,
SNDZ0127,Liam,Thomas,2017-12-10,,Active,,HR,Enterprise,AMER,US,Female,Asian,53,2 (Mid),1 Below Meets,2020-02-06
SNDZ0128,Sophia,Harris,2020-05-28,,Active,,HR,Consumer,AMER,US,Male,Black,41,2 (Mid),5 Exceeds,2023-11-17
SNDZ0129,Noah,Lee,2018-04-28,,Active,,Sales,Audit,AMER,US,Male,Caucasian,53,5 (Dir),3 Meets,2022-11-20
SNDZ0130,William,Kim,2021-04-22,,Active,,HR,Enterprise,AMER,US,Female,Black,22,2 (Mid),3 Meets,2023-11-04
SNDZ0131,Arjun,Walker,2020-04-24,,Active,,Engineering,Talent,APAC,India,Female,Black,22,5 (Dir),3 Meets,2024-07-08
SNDZ0132,Vikram,Kumar,2015-10-03,,Active,,Sales,Enterprise,APAC,India,Male,Hispanic,50,4 (Sr),3 Meets,2019-01-04
SNDZ0133,Emma,Roberts,2018-09-20,,Active,,R&D,Enterprise,AMER,US,Female,Caucasian,39,3 (Mid),1 Below Meets,
SNDZ0134,Arjun,Brown,2020-02-28,,Active,,Engineering,Consumer,AMER,US,Female,Hispanic,42,3 (Mid),3 Meets,
SNDZ0135,Michael,Johnson,2021-03-07,,Active,,Sales,Consumer,AMER,US,Male,Black,53,1 (Jr),2 Below Meets,2025-02-28
SNDZ0136,Aisha,Wang,2016-11-20,,Active,,R&D,Enterprise,APAC,China,Female,Asian,53,3 (Mid),5 Exceeds,
SNDZ0137,Henry,Johnson,2023-01-15,,Active,,Sales,Enterprise,AMER,US,Male,Asian,54,1 (Jr),3 Meets,
SNDZ0138,Chloe,Lewis,2020-09-19,,Active,,Engineering,Consumer,AMER,US,Male,Asian,40,3 (Mid),3 Meets,
SNDZ0139,Jonas,Lewis,2021-03-21,,Active,,R&D,Consumer,AMER,US,Female,Asian,53,6 (VP),4 Exceeds,
SNDZ0140,Aisha,Miller,2021-07-29,,Active,,R&D,Talent,APAC,India,Male,Asian,39,5 (Dir),4 Exceeds,2022-10-20
SNDZ0141,Sophia,Nguyen,2019-03-10,,Active,,Engineering,Talent,EMEA,UK,Female,Hispanic,25,2 (Mid),3 Meets,2024-07-28
SNDZ0142,Hannah,Schmidt,2018-09-27,,Active,,Engineering,Audit,AMER,US,Male,Caucasian,53,1 (Jr),3 Meets,2021-10-11
SNDZ0143,Noah,Johnson,2015-09-11,,Active,,Engineering,Product,APAC,India,Male,Caucasian,44,2 (Mid),5 Exceeds,2016-11-14
SNDZ0144,James,Brown,2018-01-12,2020-02-20,Separated,Voluntary,HR,Talent,AMER,US,Male,Asian,58,4 (Sr),5 Exceeds,2024-06-25
SNDZ0145,Sophia,Zhang,2018-02-28,,Active,,HR,Product,AMER,US,Female,Black,50,3 (Mid),3 Meets,2020-03-07
SNDZ0146,Amelia,Anderson,2017-05-27,2018-12-28,Separated,Voluntary,Finance,Talent,APAC,India,Female,Asian,55,3 (Mid),3 Meets,2019-02-27
SNDZ0147,Daniel,Brown,2023-08-25,,Active,,Engineering,Product,EMEA,Germany,Male,Asian,42,6 (VP),5 Exceeds,2025-01-15
SNDZ0148,Sophia,Roberts,2013-10-10,2024-03-04,Separated,Voluntary,Engineering,Audit,AMER,US,Female,Asian,29,2 (Mid),1 Below Meets,2023-02-23
SNDZ0149,James,Morgan,2022-12-14,,Active,,HR,Consumer,AMER,US,Female,Hispanic,38,4 (Sr),3 Meets,2025-03-07
SNDZ0150,Maya,Wang,2019-05-13,,Active,,Engineering,Consumer,EMEA,Germany,Male,Black,41,2 (Mid),4 Exceeds,2021-03-15
SNDZ0151,Fatima,Thomas,2022-07-20,,Active,,HR,Product,APAC,China,Male,Asian,37,1 (Jr),4 Exceeds,2023-11-25
SNDZ0152,Omar,Johnson,2020-07-30,,Active,,Engineering,Product,AMER,US,Male,Asian,45,3 (Mid),4 Exceeds,
SNDZ0153,Rachel,Zhang,2020-12-16,,Active,,HR,Product,EMEA,Germany,Male,Hispanic,22,7 (Admin),1 Below Meets,
SNDZ0154,Priya,Shah,2022-03-15,,Active,,Sales,Product,EMEA,Germany,Male,Black,45,4 (Sr),4 Exceeds,2024-10-23
SNDZ0155,Henry,Patel,2023-09-06,,Active,,HR,Audit,AMER,US,Male,Hispanic,35,1 (Jr),2 Below Meets,
SNDZ0156,Sofia,Kumar,2020-10-28,,Active,,Sales,Consumer,AMER,US,Female,Asian,53,2 (Mid),4 Exceeds,2022-02-10
SNDZ0157,Amelia,Khan,2022-10-30,,Active,,Engineering,Consumer,AMER,US,Female,Hispanic,51,3 (Mid),4 Exceeds,2024-11-27
SNDZ0158,Priya,Bennett,2023-08-12,,Active,,Sales,Consumer,AMER,US,Male,Black,49,6 (VP),3 Meets,2024-12-27
SNDZ0159,Michael,Thomas,2015-09-21,,Active,,Engineering,Talent,AMER,US,Female,Caucasian,53,4 (Sr),3 Meets,2021-08-12
SNDZ0160,Nadia,Shah,2022-05-12,,Active,,Engineering,Talent,APAC,China,Female,Black,36,5 (Dir),5 Exceeds,2023-12-19
SNDZ0161,Nadia,Wang,2015-11-03,,Active,,Engineering,Enterprise,AMER,US,Female,Black,49,1 (Jr),5 Exceeds,2024-06-05
SNDZ0162,David,Wang,2015-04-01,,Active,,Finance,Product,APAC,China,Female,Hispanic,41,2 (Mid),3 Meets,
SNDZ0163,Chloe,Brown,2021-02-08,,Active,,Engineering,Product,AMER,US,Female,Asian,32,2 (Mid),3 Meets,2024-07-20
SNDZ0164,Sofia,Chen,2022-02-16,,Active,,Engineering,Product,AMER,US,Female,Caucasian,36,1 (Jr),4 Exceeds,2025-04-24
SNDZ0165,Ethan,Nguyen,2017-01-16,,Active,,Sales,Consumer,APAC,China,Female,Black,55,5 (Dir),3 Meets,2021-11-15
SNDZ0166,Julia,Kumar,2017-07-22,,Active,,Sales,Enterprise,AMER,US,Male,Asian,43,4 (Sr),4 Exceeds,2022-01-09
SNDZ0167,David,Patel,2020-10-24,,Active,,Engineering,Enterprise,AMER,US,Male,Caucasian,47,4 (Sr),3 Meets,2023-08-19
SNDZ0168,Chloe,Williams,2017-03-05,,Active,,Engineering,Audit,AMER,US,Female,Caucasian,64,2 (Mid),3 Meets,
SNDZ0169,William,Khan,2019-07-01,,Active,,Engineering,Consumer,AMER,Brazil,Male,Asian,51,1 (Jr),4 Exceeds,2022-08-22
SNDZ0170,Noah,Thompson,2018-03-09,2019-10-29,Separated,Voluntary,Finance,Product,AMER,US,Male,Black,51,2 (Mid),4 Exceeds,
SNDZ0171,Camila,Gupta,2019-05-29,,Active,,Sales,Consumer,AMER,US,Female,Caucasian,65,5 (Dir),4 Exceeds,2022-05-21
SNDZ0172,Nadia,Shah,2016-03-31,2024-01-16,Separated,Voluntary,R&D,Product,AMER,US,Female,Asian,33,1 (Jr),3 Meets,
SNDZ0173,Ravi,Brown,2022-11-07,,Active,,Sales,Product,AMER,US,Male,Hispanic,39,5 (Dir),4 Exceeds,2024-06-14
SNDZ0174,Isabella,Taylor,2023-06-14,,Active,,Sales,Audit,AMER,US,Female,Asian,58,5 (Dir),3 Meets,2024-12-30
SNDZ0175,Hannah,Schmidt,2021-04-03,,Active,,Sales,Consumer,AMER,US,Male,Caucasian,53,5 (Dir),4 Exceeds,
SNDZ0176,Grace,Nguyen,2014-11-21,,Active,,Engineering,Enterprise,AMER,US,Male,Asian,30,2 (Mid),2 Below Meets,2021-09-28
SNDZ0177,Jasmine,Nguyen,2018-02-05,,Active,,Engineering,Enterprise,AMER,US,Female,Caucasian,26,3 (Mid),5 Exceeds,
SNDZ0178,Arjun,Smith,2014-07-26,,Active,,Sales,Enterprise,AMER,US,Male,Black,27,4 (Sr),3 Meets,2021-05-11
SNDZ0179,Henry,Wilson,2020-02-16,,Active,,R&D,Talent,AMER,Brazil,Female,Asian,36,4 (Sr),3 Meets,
SNDZ0180,Thomas,Brown,2013-05-04,,Active,,R&D,Product,AMER,US,Male,Hispanic,22,1 (Jr),4 Exceeds,2021-11-20
SNDZ0181,Jonas,Lee,2022-07-23,,Active,,Engineering,Consumer,AMER,US,Female,Asian,50,1 (Jr),3 Meets,
SNDZ0182,Nadia,Zhang,2013-06-28,,Active,,Sales,Enterprise,AMER,US,Female,Asian,46,3 (Mid),3 Meets,2014-07-27
SNDZ0183,David,Miller,2018-11-24,,Active,,Engineering,Product,EMEA,Germany,Male,Caucasian,43,2 (Mid),2 Below Meets,2023-04-11
SNDZ0184,Kabir,Williams,2014-03-11,,Active,,R&D,Talent,AMER,US,Male,Asian,28,5 (Dir),3 Meets,
SNDZ0185,Ravi,Wang,2018-04-25,,Active,,Finance,Enterprise,EMEA,Germany,Male,Asian,36,2 (Mid),3 Meets,2022-03-03
SNDZ0186,Michael,Thomas,2014-11-11,2022-03-07,Separated,Voluntary,Sales,Product,EMEA,UK,Female,Caucasian,54,6 (VP),2 Below Meets,2025-06-30
SNDZ0187,Hannah,Shah,2018-08-11,,Active,,Engineering,Consumer,AMER,US,Female,Caucasian,26,4 (Sr),3 Meets,
SNDZ0188,Michael,Wilson,2020-02-10,2024-02-10,Separated,Voluntary,R&D,Audit,AMER,US,Female,Asian,49,5 (Dir),3 Meets,2024-11-11
SNDZ0189,Nadia,Bennett,2023-09-04,,Active,,Sales,Enterprise,AMER,US,Male,Caucasian,25,2 (Mid),5 Exceeds,2024-10-20
SNDZ0190,Noah,Harris,2013-06-01,,Active,,Sales,Audit,AMER,US,Male,Caucasian,23,3 (Mid),2 Below Meets,2024-07-05
SNDZ0191,James,Khan,2014-02-15,,Active,,Sales,Consumer,AMER,US,Male,Black,54,2 (Mid),3 Meets,2015-10-31
SNDZ0192,Chloe,Smith,2018-11-30,,Active,,Sales,Product,AMER,US,Male,Asian,38,7 (Admin),3 Meets,2024-11-06
SNDZ0193,Grace,Kumar,2021-01-02,2021-06-04,Separated,Voluntary,HR,Enterprise,AMER,US,Female,Caucasian,43,3 (Mid),4 Exceeds,
SNDZ0194,Benjamin,Thompson,2019-05-03,2022-12-31,Separated,Voluntary,Sales,Product,EMEA,UK,Female,Asian,35,3 (Mid),3 Meets,2023-07-21
SNDZ0195,Amelia,Miller,2016-10-29,,Active,,R&D,Enterprise,AMER,US,Female,Black,54,6 (VP),3 Meets,
SNDZ0196,Henry,Anderson,2022-05-24,,Active,,Finance,Audit,AMER,US,Male,Asian,38,4 (Sr),3 Meets,2024-01-01
SNDZ0197,James,Garcia,2020-11-30,,Active,,Engineering,Product,AMER,US,Male,Caucasian,53,2 (Mid),4 Exceeds,2023-09-25
SNDZ0198,Elena,Johnson,2022-06-30,,Active,,Finance,Consumer,EMEA,Germany,Female,Caucasian,46,3 (Mid),2 Below Meets,2024-06-02
SNDZ0199,Vikram,Anderson,2022-10-23,,Active,,R&D,Enterprise,AMER,Brazil,Male,Black,38,1 (Jr),5 Exceeds,
SNDZ0200,David,Hoffman,2020-08-27,,Active,,Sales,Enterprise,AMER,US,Male,Asian,38,6 (VP),3 Meets,2022-04-24
SNDZ0201,Noah,Thomas,2015-08-03,,Active,,R&D,Product,APAC,China,Male,Asian,47,2 (Mid),3 Meets,2023-05-30
SNDZ0202,Henry,Harris,2020-06-24,,Active,,Sales,Enterprise,AMER,US,Male,Caucasian,35,4 (Sr),3 Meets,2024-01-30
SNDZ0203,Liam,Anderson,2018-07-19,2025-06-01,Separated,Voluntary,R&D,Consumer,AMER,US,Male,Asian,49,5 (Dir),4 Exceeds,
SNDZ0204,Alexander,Brown,2017-12-08,,Active,,HR,Consumer,AMER,US,Female,Caucasian,58,3 (Mid),3 Meets,
SNDZ0205,Omar,Thomas,2013-09-15,,Active,,R&D,Consumer,AMER,US,Male,Asian,65,4 (Sr),3 Meets,2025-02-09
SNDZ0206,Sophia,Wang,2014-02-11,,Active,,Sales,Consumer,AMER,US,Male,Black,32,5 (Dir),3 Meets,2017-10-17
SNDZ0207,Daniel,Walker,2020-02-23,,Active,,Sales,Product,APAC,India,Male,Asian,28,3 (Mid),1 Below Meets,2023-12-24
SNDZ0208,Olivia,Khan,2023-09-28,2024-06-24,Separated,Voluntary,Engineering,Consumer,EMEA,Germany,Male,Caucasian,26,1 (Jr),3 Meets,2024-12-18
SNDZ0209,Benjamin,Davis,2019-08-05,,Active,,Engineering,Audit,APAC,India,Female,Asian,41,1 (Jr),3 Meets,2021-10-23
SNDZ0210,Jonas,Kumar,2019-03-31,,Active,,HR,Audit,EMEA,UK,Male,Caucasian,47,6 (VP),3 Meets,
SNDZ0211,Daniel,Gupta,2021-03-17,2021-05-14,Separated,Voluntary,Engineering,Product,AMER,US,Female,Asian,22,2 (Mid),3 Meets,2024-08-18
SNDZ0212,Lucas,Khan,2013-02-07,,Active,,Engineering,Consumer,APAC,China,Female,Asian,34,4 (Sr),3 Meets,
SNDZ0213,Omar,Wang,2015-03-07,,Active,,Sales,Product,EMEA,Germany,Male,Asian,34,2 (Mid),4 Exceeds,2025-02-09
SNDZ0214,Benjamin,Harris,2022-05-18,,Active,,Engineering,Talent,AMER,US,Female,Black,45,5 (Dir),2 Below Meets,2024-02-08
SNDZ0215,David,Morgan,2013-04-14,,Active,,Sales,Talent,APAC,India,Male,Caucasian,25,3 (Mid),3 Meets,2019-11-18
SNDZ0216,William,Miller,2014-01-29,,Active,,R&D,Product,AMER,US,Female,Asian,40,4 (Sr),2 Below Meets,2018-03-24
SNDZ0217,Lucas,Garcia,2020-04-10,,Active,,Engineering,Product,AMER,US,Male,Asian,50,1 (Jr),3 Meets,2023-11-17
SNDZ0218,Amelia,Davis,2015-04-03,2020-10-12,Separated,Voluntary,Sales,Consumer,AMER,US,Female,Caucasian,50,2 (Mid),3 Meets,
SNDZ0219,Olivia,Davis,2016-09-26,,Active,,Engineering,Consumer,AMER,US,Male,Caucasian,24,3 (Mid),3 Meets,2025-03-19
SNDZ0220,Maya,Shah,2020-10-27,,Active,,HR,Talent,AMER,US,Male,Caucasian,41,1 (Jr),3 Meets,
SNDZ0221,Aisha,Clark,2013-01-03,2017-01-08,Separated,Voluntary,R&D,Audit,EMEA,Germany,Female,Hispanic,50,1 (Jr),4 Exceeds,2023-05-27
SNDZ0222,Daniel,Patel,2022-10-09,,Active,,Sales,Product,EMEA,UK,Female,Asian,50,1 (Jr),3 Meets,
SNDZ0223,Fatima,Kim,2016-11-04,2022-06-15,Separated,Voluntary,Sales,Product,AMER,US,Female,Hispanic,44,1 (Jr),3 Meets,
SNDZ0224,Nadia,Gupta,2013-03-08,,Active,,Sales,Audit,AMER,US,Female,Asian,48,1 (Jr),4 Exceeds,
SNDZ0225,Elena,Bennett,2017-01-10,,Active,,R&D,Product,APAC,China,Male,Caucasian,41,4 (Sr),3 Meets,2022-06-25
SNDZ0226,Camila,Lee,2014-11-21,,Active,,Engineering,Enterprise,APAC,India,Female,Black,44,1 (Jr),1 Below Meets,
SNDZ0227,Maya,Smith,2021-09-25,,Active,,Engineering,Consumer,EMEA,UK,Female,Asian,41,2 (Mid),5 Exceeds,2024-09-09
SNDZ0228,Sofia,Schmidt,2017-08-01,,Active,,Sales,Enterprise,AMER,US,Female,Asian,60,3 (Mid),3 Meets,2021-12-14
SNDZ0229,Elena,Clark,2022-09-08,,Active,,HR,Product,AMER,US,Female,Caucasian,41,2 (Mid),2 Below Meets,2024-05-16
SNDZ0230,Ravi,Morgan,2018-10-05,,Active,,R&D,Product,AMER,US,Female,Caucasian,39,2 (Mid),2 Below Meets,
SNDZ0231,Liam,Walker,2020-12-29,,Active,,Finance,Enterprise,AMER,US,Female,Hispanic,42,6 (VP),2 Below Meets,2022-08-06
SNDZ0232,David,Taylor,2023-03-16,,Active,,Engineering,Audit,AMER,US,Female,Hispanic,53,1 (Jr),3 Meets,
SNDZ0233,Ravi,Wang,2019-06-04,,Active,,R&D,Talent,AMER,US,Female,Black,54,4 (Sr),3 Meets,2020-09-29
SNDZ0234,Ryan,Brown,2020-07-16,,Active,,Sales,Consumer,EMEA,Germany,Male,Asian,37,5 (Dir),3 Meets,2021-12-30
SNDZ0235,Hannah,Shah,2023-03-02,,Active,,Sales,Talent,AMER,US,Male,Black,47,5 (Dir),3 Meets,2024-09-18
SNDZ0236,Ravi,Harris,2022-01-12,,Active,,Engineering,Enterprise,AMER,US,Male,Asian,47,4 (Sr),3 Meets,2023-10-18
SNDZ0237,Elena,Khan,2018-03-19,,Active,,Sales,Consumer,AMER,US,Male,Black,50,6 (VP),3 Meets,
SNDZ0238,Camila,Schmidt,2017-07-02,,Active,,Engineering,Consumer,EMEA,UK,Male,Caucasian,48,3 (Mid),3 Meets,
SNDZ0239,Camila,Garcia,2017-06-06,,Active,,Engineering,Product,AMER,US,Male,Hispanic,47,2 (Mid),3 Meets,2025-02-22
SNDZ0240,Fatima,Wilson,2013-11-23,,Active,,R&D,Talent,AMER,US,Male,Asian,35,5 (Dir),3 Meets,2019-05-28
SNDZ0241,Sofia,Chen,2016-02-02,,Active,,Engineering,Consumer,AMER,US,Male,Asian,48,1 (Jr),2 Below Meets,
SNDZ0242,Omar,Williams,2016-08-26,,Active,,Finance,Consumer,AMER,US,Female,Black,63,1 (Jr),3 Meets,
SNDZ0243,Camila,Garcia,2016-11-13,,Active,,Engineering,Consumer,AMER,US,Male,Black,41,6 (VP),3 Meets,
SNDZ0244,Aisha,Thompson,2016-09-04,,Active,,Engineering,Audit,APAC,India,Male,Asian,46,2 (Mid),3 Meets,
SNDZ0245,Ravi,Miller,2014-03-14,,Active,,Engineering,Consumer,APAC,China,Female,Caucasian,61,6 (VP),3 Meets,2016-08-08
SNDZ0246,Olivia,Wilson,2013-03-14,,Active,,R&D,Audit,APAC,India,Male,Caucasian,46,3 (Mid),2 Below Meets,2019-02-26
SNDZ0247,Lucas,Thomas,2023-05-31,2023-09-10,Separated,Voluntary,Sales,Talent,AMER,US,Male,Asian,44,2 (Mid),4 Exceeds,
SNDZ0248,Omar,Nguyen,2015-11-21,,Active,,Engineering,Consumer,AMER,US,Female,Hispanic,22,2 (Mid),3 Meets,
SNDZ0249,Ravi,Wang,2015-07-11,,Active,,R&D,Product,AMER,US,Male,Asian,50,1 (Jr),4 Exceeds,2016-08-13
SNDZ0250,Ravi,Miller,2016-10-26,2024-08-22,Separated,Voluntary,Finance,Enterprise,EMEA,Germany,Male,Hispanic,44,4 (Sr),3 Meets,
SNDZ0251,Camila,Schmidt,2014-03-14,,Active,,Engineering,Audit,APAC,China,Male,Hispanic,56,3 (Mid),3 Meets,2020-08-11
SNDZ0252,Sofia,Taylor,2016-11-05,,Active,,R&D,Enterprise,AMER,US,Male,Caucasian,63,1 (Jr),3 Meets,2024-07-30
SNDZ0253,Fatima,Harris,2022-06-17,2023-04-25,Separated,Voluntary,Engineering,Product,AMER,US,Male,Hispanic,35,2 (Mid),4 Exceeds,2023-12-03
SNDZ0254,Rachel,Bennett,2018-02-13,,Active,,HR,Consumer,APAC,China,Male,Black,57,4 (Sr),2 Below Meets,2021-07-31
SNDZ0255,Sofia,Patel,2020-03-29,2023-08-27,Separated,Voluntary,Engineering,Product,AMER,US,Male,Caucasian,43,2 (Mid),4 Exceeds,
SNDZ0256,Olivia,Kim,2017-02-22,,Active,,HR,Product,AMER,US,Female,Hispanic,48,5 (Dir),3 Meets,
SNDZ0257,Sofia,Kim,2023-09-11,,Active,,Sales,Enterprise,AMER,US,Male,Asian,31,4 (Sr),5 Exceeds,2025-06-08
SNDZ0258,Lucas,Kumar,2013-12-06,,Active,,Sales,Product,AMER,US,Female,Asian,65,5 (Dir),4 Exceeds,
SNDZ0259,Aisha,Chen,2022-09-22,,Active,,Engineering,Consumer,AMER,US,Male,Asian,36,3 (Mid),5 Exceeds,2023-11-25
SNDZ0260,Emma,Smith,2021-06-24,,Active,,Finance,Product,AMER,US,Female,Black,54,2 (Mid),4 Exceeds,2024-08-08
SNDZ0261,Olivia,Taylor,2022-10-18,,Active,,HR,Product,AMER,US,Female,Black,62,2 (Mid),4 Exceeds,
SNDZ0262,Michael,Patel,2014-02-26,,Active,,Sales,Audit,APAC,India,Female,Asian,50,3 (Mid),4 Exceeds,2019-06-07
SNDZ0263,Hannah,Hoffman,2023-02-18,,Active,,Engineering,Product,AMER,US,Female,Black,30,4 (Sr),4 Exceeds,2025-04-14
SNDZ0264,Kabir,Wang,2015-05-29,,Active,,R&D,Audit,AMER,US,Female,Black,33,5 (Dir),4 Exceeds,2018-11-28
SNDZ0265,William,Chen,2021-07-09,,Active,,Engineering,Product,AMER,US,Female,Caucasian,34,4 (Sr),1 Below Meets,
SNDZ0266,Isabella,Thomas,2014-11-23,,Active,,Engineering,Enterprise,AMER,US,Male,Caucasian,45,3 (Mid),3 Meets,2022-03-13
SNDZ0267,Daniel,Williams,2021-04-06,,Active,,Sales,Audit,AMER,US,Male,Black,54,2 (Mid),1 Below Meets,2023-10-07
SNDZ0268,Arjun,Khan,2020-10-01,,Active,,R&D,Product,APAC,China,Male,Caucasian,34,2 (Mid),4 Exceeds,2023-10-28
SNDZ0269,Aarav,Davis,2019-05-22,,Active,,HR,Talent,AMER,US,Female,Hispanic,51,5 (Dir),4 Exceeds,2021-09-28
SNDZ0270,Nadia,Roberts,2013-09-13,,Active,,Engineering,Talent,AMER,US,Male,Asian,45,2 (Mid),3 Meets,2015-08-19
SNDZ0271,Nadia,Kumar,2017-11-05,,Active,,Sales,Enterprise,AMER,US,Male,Caucasian,40,4 (Sr),3 Meets,
SNDZ0272,Vikram,Hoffman,2019-08-10,,Active,,Engineering,Enterprise,AMER,US,Female,Asian,24,2 (Mid),3 Meets,2022-12-07
SNDZ0273,Noah,Patel,2022-10-29,,Active,,HR,Product,AMER,US,Female,Asian,44,2 (Mid),3 Meets,2024-06-15
SNDZ0274,Ravi,Clark,2013-05-15,,Active,,Sales,Consumer,AMER,US,Female,Asian,52,2 (Mid),4 Exceeds,
SNDZ0275,Vikram,Wang,2015-06-26,,Active,,Sales,Enterprise,APAC,India,Male,Asian,28,6 (VP),5 Exceeds,
SNDZ0276,Elena,Chen,2018-10-31,,Active,,Sales,Enterprise,AMER,US,Male,Black,42,2 (Mid),3 Meets,2025-01-29
SNDZ0277,Hannah,Lewis,2021-10-23,,Active,,Sales,Audit,APAC,China,Female,Hispanic,40,1 (Jr),4 Exceeds,2023-10-26
SNDZ0278,Ravi,Anderson,2014-11-15,,Active,,Engineering,Enterprise,AMER,US,Female,Asian,48,2 (Mid),2 Below Meets,
SNDZ0279,Benjamin,Harris,2013-05-19,,Active,,Sales,Enterprise,APAC,China,Female,Asian,54,3 (Mid),1 Below Meets,2024-04-22
SNDZ0280,Kabir,Gupta,2015-04-24,,Active,,HR,Product,AMER,US,Male,Black,47,4 (Sr),3 Meets,
SNDZ0281,Liam,Williams,2016-12-03,,Active,,Finance,Consumer,EMEA,Germany,Female,Caucasian,33,6 (VP),2 Below Meets,2019-04-07
SNDZ0282,Elena,Zhang,2014-06-05,,Active,,Engineering,Product,AMER,US,Female,Caucasian,61,3 (Mid),3 Meets,
SNDZ0283,Alexander,Roberts,2016-10-16,,Active,,Sales,Enterprise,AMER,US,Female,Caucasian,36,2 (Mid),1 Below Meets,
SNDZ0284,Chloe,Harris,2022-08-25,,Active,,HR,Audit,AMER,US,Female,Asian,48,2 (Mid),4 Exceeds,2024-02-09
SNDZ0285,Jasmine,Wang,2021-04-02,,Active,,Engineering,Audit,AMER,US,Female,Black,38,4 (Sr),3 Meets,2025-01-22
SNDZ0286,Amelia,Gupta,2022-08-02,,Active,,Sales,Enterprise,AMER,US,Male,Caucasian,48,1 (Jr),4 Exceeds,
SNDZ0287,Ryan,Kim,2021-10-17,,Active,,Finance,Consumer,AMER,US,Male,Caucasian,36,4 (Sr),3 Meets,
SNDZ0288,Kabir,Zhang,2022-07-03,,Active,,Engineering,Consumer,AMER,US,Female,Asian,46,1 (Jr),1 Below Meets,2023-12-07
SNDZ0289,Julia,Morgan,2021-12-19,,Active,,Finance,Enterprise,AMER,US,Male,Caucasian,56,1 (Jr),3 Meets,
SNDZ0290,Camila,Thomas,2022-11-18,,Active,,Engineering,Consumer,AMER,US,Female,Black,36,1 (Jr),3 Meets,
SNDZ0291,Arjun,Kumar,2019-12-02,,Active,,R&D,Product,APAC,China,Male,Hispanic,38,6 (VP),4 Exceeds,2024-09-20
SNDZ0292,Hannah,Walker,2018-11-16,,Active,,Sales,Product,AMER,US,Male,Caucasian,22,2 (Mid),3 Meets,
SNDZ0293,Daniel,Thompson,2014-06-10,,Active,,HR,Product,AMER,US,Female,Caucasian,43,2 (Mid),5 Exceeds,2024-10-06
SNDZ0294,Sofia,Garcia,2016-06-09,,Active,,Sales,Talent,APAC,India,Male,Black,59,1 (Jr),2 Below Meets,2022-02-15
SNDZ0295,Omar,Lee,2014-01-06,,Active,,Engineering,Talent,AMER,US,Female,Caucasian,57,2 (Mid),4 Exceeds,
SNDZ0296,Liam,Taylor,2019-04-23,,Active,,Sales,Consumer,AMER,US,Female,Black,38,3 (Mid),5 Exceeds,2020-11-23
SNDZ0297,Hannah,Miller,2022-08-12,,Active,,Engineering,Consumer,AMER,US,Female,Asian,47,4 (Sr),2 Below Meets,2023-12-19
SNDZ0298,Emma,Harris,2016-09-22,,Active,,Sales,Enterprise,EMEA,Germany,Male,Black,47,1 (Jr),5 Exceeds,
SNDZ0299,Julia,Zhang,2015-04-02,,Active,,R&D,Product,EMEA,UK,Male,Asian,41,3 (Mid),4 Exceeds,
SNDZ0300,Grace,Walker,2016-08-30,,Active,,Finance,Talent,AMER,US,Female,Caucasian,36,1 (Jr),4 Exceeds,2021-10-20
SNDZ0301,Kabir,Lewis,2015-11-16,,Active,,HR,Consumer,AMER,US,Female,Asian,56,5 (Dir),3 Meets,2025-01-26
SNDZ0302,Olivia,Garcia,2021-04-13,,Active,,Finance,Consumer,EMEA,Germany,Female,Caucasian,56,1 (Jr),5 Exceeds,2023-01-20
SNDZ0303,Elena,Gupta,2022-11-04,,Active,,R&D,Consumer,EMEA,UK,Male,Asian,35,4 (Sr),5 Exceeds,2024-01-24
SNDZ0304,David,Wilson,2021-03-30,,Active,,R&D,Enterprise,APAC,China,Female,Asian,39,2 (Mid),1 Below Meets,
SNDZ0305,Julia,Kim,2014-06-05,,Active,,Sales,Enterprise,AMER,Brazil,Female,Caucasian,52,5 (Dir),3 Meets,2022-05-16
SNDZ0306,Olivia,Zhang,2021-01-10,,Active,,Engineering,Audit,APAC,China,Female,Black,45,3 (Mid),3 Meets,2025-01-11
SNDZ0307,Vikram,Morgan,2020-06-27,,Active,,Engineering,Enterprise,AMER,US,Male,Black,56,2 (Mid),3 Meets,
SNDZ0308,Emma,Garcia,2017-06-21,,Active,,Sales,Talent,AMER,US,Female,Black,57,4 (Sr),3 Meets,
SNDZ0309,Elena,Harris,2015-04-21,2016-11-18,Separated,Voluntary,Sales,Consumer,AMER,US,Male,Asian,36,3 (Mid),3 Meets,
SNDZ0310,Arjun,Bennett,2023-08-04,,Active,,Finance,Consumer,AMER,US,Female,Asian,39,3 (Mid),4 Exceeds,2025-04-04
SNDZ0311,Lucas,Harris,2013-01-24,,Active,,Engineering,Consumer,AMER,US,Female,Caucasian,53,6 (VP),4 Exceeds,
SNDZ0312,Daniel,Johnson,2014-08-06,,Active,,Engineering,Product,AMER,US,Male,Caucasian,30,1 (Jr),5 Exceeds,2021-01-04
SNDZ0313,Chloe,Davis,2021-01-14,,Active,,Finance,Product,APAC,China,Male,Black,45,7 (Admin),2 Below Meets,2025-07-02
SNDZ0314,Chloe,Lewis,2013-09-14,,Active,,Engineering,Product,AMER,US,Female,Asian,47,1 (Jr),3 Meets,
SNDZ0315,Elena,Anderson,2022-04-07,,Active,,Finance,Consumer,AMER,US,Male,Asian,22,1 (Jr),2 Below Meets,2023-09-27
SNDZ0316,James,Harris,2014-12-03,,Active,,Engineering,Audit,EMEA,UK,Male,Caucasian,47,4 (Sr),3 Meets,
SNDZ0317,Kabir,Bennett,2021-01-18,,Active,,Engineering,Consumer,EMEA,Germany,Female,Hispanic,50,2 (Mid),3 Meets,2024-09-27
SNDZ0318,Olivia,Lee,2018-04-28,2025-04-11,Separated,Voluntary,Engineering,Audit,AMER,US,Male,Asian,22,1 (Jr),4 Exceeds,
SNDZ0319,Nadia,Garcia,2022-02-08,,Active,,R&D,Talent,AMER,US,Male,Asian,41,6 (VP),3 Meets,2024-10-05
SNDZ0320,Chloe,Gupta,2019-08-27,,Active,,Sales,Consumer,AMER,US,Female,Asian,24,3 (Mid),3 Meets,
SNDZ0321,Camila,Nguyen,2013-01-16,,Active,,R&D,Product,AMER,US,Male,Caucasian,38,2 (Mid),2 Below Meets,2024-06-12
SNDZ0322,Olivia,Clark,2013-07-09,,Active,,R&D,Product,AMER,US,Female,Asian,51,4 (Sr),3 Meets,
SNDZ0323,Camila,Schmidt,2023-04-25,,Active,,Engineering,Audit,AMER,US,Female,Asian,51,3 (Mid),4 Exceeds,
SNDZ0324,Hannah,Wang,2019-06-14,,Active,,Sales,Consumer,AMER,US,Male,Asian,51,6 (VP),3 Meets,
SNDZ0325,Aisha,Harris,2013-12-08,,Active,,R&D,Product,APAC,India,Female,Hispanic,22,2 (Mid),4 Exceeds,
SNDZ0326,Sofia,Patel,2016-11-06,,Active,,Sales,Enterprise,APAC,China,Female,Asian,33,5 (Dir),2 Below Meets,2023-09-01
SNDZ0327,Fatima,Chen,2013-08-12,,Active,,Engineering,Talent,APAC,India,Female,Black,41,4 (Sr),3 Meets,2015-04-03
SNDZ0328,Thomas,Patel,2018-01-09,,Active,,R&D,Consumer,AMER,US,Male,Caucasian,48,7 (Admin),4 Exceeds,
SNDZ0329,Elena,Wang,2016-06-02,,Active,,Sales,Enterprise,APAC,China,Female,Asian,48,5 (Dir),5 Exceeds,2024-07-15
SNDZ0330,Omar,Kim,2022-08-30,2022-12-21,Separated,Voluntary,Sales,Product,APAC,India,Female,Caucasian,54,2 (Mid),3 Meets,2025-06-16
SNDZ0331,Alexander,Harris,2017-05-16,,Active,,Engineering,Enterprise,AMER,US,Female,Asian,45,2 (Mid),1 Below Meets,2024-09-11
SNDZ0332,Alexander,Harris,2022-04-06,2022-12-22,Separated,Voluntary,Finance,Enterprise,AMER,US,Male,Black,40,1 (Jr),3 Meets,2023-07-26
SNDZ0333,Rachel,Hoffman,2022-12-27,,Active,,R&D,Product,AMER,US,Male,Asian,51,5 (Dir),3 Meets,
SNDZ0334,James,Nguyen,2014-11-15,2017-12-01,Separated,Voluntary,Engineering,Enterprise,AMER,US,Male,Asian,42,2 (Mid),3 Meets,
SNDZ0335,Noah,Smith,2013-07-30,,Active,,Engineering,Product,APAC,China,Female,Asian,39,2 (Mid),3 Meets,2025-02-26
SNDZ0336,Nadia,Thompson,2022-07-19,,Active,,Finance,Consumer,AMER,US,Male,Caucasian,41,1 (Jr),3 Meets,
SNDZ0337,James,Thomas,2019-03-04,,Active,,Sales,Audit,AMER,US,Female,Caucasian,29,3 (Mid),5 Exceeds,2025-04-20
SNDZ0338,Elena,Kim,2022-07-08,,Active,,Engineering,Enterprise,AMER,US,Male,Hispanic,33,2 (Mid),4 Exceeds,2024-04-07
SNDZ0339,Isabella,Smith,2023-04-01,,Active,,Engineering,Enterprise,AMER,US,Male,Asian,43,5 (Dir),3 Meets,
SNDZ0340,Maya,Miller,2016-12-22,,Active,,HR,Enterprise,APAC,India,Male,Black,54,1 (Jr),3 Meets,2018-02-23
SNDZ0341,Isabella,Lewis,2018-10-12,,Active,,Sales,Talent,AMER,US,Male,Caucasian,41,1 (Jr),4 Exceeds,
SNDZ0342,William,Shah,2015-04-14,2024-06-05,Separated,Voluntary,R&D,Talent,AMER,US,Female,Asian,41,5 (Dir),3 Meets,2018-12-25
SNDZ0343,Aisha,Gupta,2022-07-15,,Active,,Engineering,Product,EMEA,UK,Female,Black,41,2 (Mid),5 Exceeds,2024-05-15
SNDZ0344,Vikram,Gupta,2015-01-26,,Active,,HR,Product,AMER,US,Female,Black,35,1 (Jr),4 Exceeds,
SNDZ0345,Sophia,Kumar,2020-10-27,,Active,,R&D,Product,EMEA,Germany,Male,Caucasian,32,3 (Mid),4 Exceeds,
SNDZ0346,Isabella,Anderson,2021-12-31,,Active,,Finance,Enterprise,AMER,US,Female,Asian,45,2 (Mid),4 Exceeds,
SNDZ0347,Amelia,Williams,2021-06-07,,Active,,HR,Enterprise,APAC,China,Male,Asian,45,1 (Jr),3 Meets,
SNDZ0348,Liam,Anderson,2020-12-04,,Active,,Sales,Talent,APAC,China,Male,Asian,22,2 (Mid),3 Meets,2023-05-03
SNDZ0349,Julia,Wang,2018-10-27,,Active,,Sales,Product,EMEA,UK,Female,Asian,39,4 (Sr),5 Exceeds,
SNDZ0350,Benjamin,Wilson,2016-11-15,2018-07-17,Separated,Voluntary,Finance,Consumer,APAC,China,Female,Black,37,3 (Mid),4 Exceeds,2023-12-27
SNDZ0351,Ethan,Lewis,2020-06-07,,Active,,HR,Enterprise,AMER,US,Male,Asian,37,3 (Mid),3 Meets,
SNDZ0352,David,Walker,2021-03-26,,Active,,HR,Enterprise,AMER,US,Male,Asian,60,3 (Mid),5 Exceeds,2023-06-28
SNDZ0353,Michael,Khan,2018-12-07,,Active,,Engineering,Consumer,APAC,China,Female,Asian,60,4 (Sr),3 Meets,2024-08-24
SNDZ0354,Priya,Garcia,2018-07-08,,Active,,Sales,Enterprise,EMEA,Germany,Female,Black,27,7 (Admin),2 Below Meets,2022-07-31
SNDZ0355,Kabir,Lee,2015-06-24,,Active,,HR,Enterprise,AMER,US,Female,Black,50,4 (Sr),4 Exceeds,
SNDZ0356,Sofia,Lee,2013-10-19,,Active,,Sales,Consumer,AMER,US,Male,Asian,64,5 (Dir),5 Exceeds,2020-12-29
SNDZ0357,Benjamin,Hoffman,2017-08-29,,Active,,Engineering,Consumer,AMER,US,Male,Asian,49,5 (Dir),3 Meets,2023-10-28
SNDZ0358,Aarav,Morgan,2021-10-30,,Active,,Engineering,Consumer,AMER,Brazil,Female,Caucasian,57,4 (Sr),4 Exceeds,
SNDZ0359,Olivia,Nguyen,2013-12-02,,Active,,R&D,Enterprise,AMER,US,Female,Hispanic,40,3 (Mid),5 Exceeds,2024-05-22
SNDZ0360,Ryan,Hoffman,2018-05-18,,Active,,HR,Enterprise,AMER,US,Female,Hispanic,32,2 (Mid),5 Exceeds,2023-03-02
SNDZ0361,Olivia,Gupta,2020-12-07,,Active,,R&D,Talent,EMEA,UK,Male,Asian,36,3 (Mid),3 Meets,2025-01-06
SNDZ0362,Elena,Kumar,2022-07-31,,Active,,Finance,Audit,AMER,US,Female,Caucasian,49,5 (Dir),3 Meets,2024-05-05
SNDZ0363,Liam,Morgan,2022-01-12,,Active,,Engineering,Product,AMER,US,Female,Black,43,2 (Mid),3 Meets,
SNDZ0364,Sophia,Davis,2020-01-28,,Active,,HR,Enterprise,AMER,US,Female,Black,52,3 (Mid),3 Meets,2024-04-05
SNDZ0365,Omar,Lewis,2018-06-22,,Active,,Sales,Talent,AMER,US,Male,Caucasian,31,3 (Mid),3 Meets,
SNDZ0366,Ryan,Anderson,2014-10-10,,Active,,Engineering,Product,AMER,US,Male,Caucasian,48,4 (Sr),3 Meets,
SNDZ0367,Ethan,Roberts,2022-10-09,,Active,,Finance,Product,AMER,US,Male,Asian,39,1 (Jr),3 Meets,2025-01-20
SNDZ0368,Sophia,Roberts,2017-11-05,,Active,,Finance,Talent,EMEA,UK,Female,Caucasian,51,6 (VP),3 Meets,2025-04-08
SNDZ0369,Ryan,Taylor,2022-08-09,,Active,,Finance,Talent,AMER,US,Male,Asian,38,3 (Mid),3 Meets,2024-01-18
SNDZ0370,Camila,Taylor,2014-02-02,2024-10-09,Separated,Voluntary,Sales,Consumer,AMER,US,Male,Asian,48,4 (Sr),3 Meets,
SNDZ0371,William,Hoffman,2019-05-22,,Active,,Engineering,Product,AMER,US,Male,Asian,48,2 (Mid),3 Meets,2022-11-23
SNDZ0372,James,Zhang,2020-06-03,,Active,,Engineering,Enterprise,AMER,US,Male,Hispanic,39,1 (Jr),4 Exceeds,2022-03-14
SNDZ0373,Alexander,Harris,2022-02-02,,Active,,HR,Product,AMER,US,Male,Asian,22,2 (Mid),3 Meets,2024-07-22
SNDZ0374,Lucas,Kumar,2020-02-10,,Active,,Engineering,Enterprise,AMER,US,Male,Black,25,2 (Mid),2 Below Meets,
SNDZ0375,Ryan,Walker,2013-09-16,,Active,,R&D,Enterprise,AMER,US,Male,Asian,28,6 (VP),4 Exceeds,
SNDZ0376,Thomas,Thomas,2014-04-23,,Active,,Finance,Enterprise,AMER,US,Female,Asian,30,2 (Mid),3 Meets,2023-07-05
SNDZ0377,Sophia,Johnson,2021-04-01,,Active,,Engineering,Product,AMER,US,Male,Asian,48,4 (Sr),2 Below Meets,
SNDZ0378,Michael,Patel,2016-03-30,,Active,,R&D,Consumer,AMER,US,Female,Hispanic,60,1 (Jr),3 Meets,2023-09-03
SNDZ0379,Chloe,Patel,2015-11-22,,Active,,Engineering,Consumer,APAC,India,Female,Hispanic,51,5 (Dir),3 Meets,2018-03-14
SNDZ0380,Arjun,Johnson,2015-04-11,2023-05-30,Separated,Voluntary,Sales,Enterprise,AMER,US,Male,Caucasian,50,2 (Mid),5 Exceeds,2017-08-16
SNDZ0381,Michael,Miller,2018-06-28,,Active,,Finance,Consumer,AMER,US,Male,Black,38,3 (Mid),3 Meets,
SNDZ0382,Amelia,Shah,2014-12-01,2016-03-31,Separated,Voluntary,Sales,Talent,AMER,US,Female,Asian,57,1 (Jr),3 Meets,
SNDZ0383,Thomas,Hoffman,2023-08-28,,Active,,Engineering,Consumer,APAC,China,Female,Black,39,3 (Mid),3 Meets,
SNDZ0384,Kabir,Thomas,2020-10-17,,Active,,Engineering,Audit,AMER,US,Male,Asian,53,5 (Dir),3 Meets,2022-09-02
SNDZ0385,Camila,Khan,2013-06-19,,Active,,Sales,Talent,AMER,US,Male,Asian,53,1 (Jr),3 Meets,2016-03-13
SNDZ0386,Vikram,Shah,2021-10-08,,Active,,Finance,Product,AMER,US,Male,Caucasian,49,4 (Sr),4 Exceeds,2024-01-05
SNDZ0387,Jonas,Harris,2015-04-03,,Active,,Sales,Product,AMER,US,Female,Asian,34,2 (Mid),3 Meets,2020-05-16
SNDZ0388,Maya,Morgan,2020-03-12,,Active,,Finance,Consumer,AMER,US,Female,Asian,45,6 (VP),2 Below Meets,
SNDZ0389,Hannah,Nguyen,2020-06-23,,Active,,R&D,Consumer,APAC,India,Male,Black,44,1 (Jr),3 Meets,2023-04-16
SNDZ0390,Jasmine,Hoffman,2014-03-22,,Active,,Sales,Consumer,APAC,China,Female,Hispanic,64,2 (Mid),3 Meets,
SNDZ0391,Liam,Clark,2023-04-24,2023-12-27,Separated,Voluntary,R&D,Consumer,AMER,US,Female,Asian,22,2 (Mid),5 Exceeds,
SNDZ0392,Lucas,Miller,2023-09-06,2023-10-31,Separated,Voluntary,Sales,Audit,EMEA,Germany,Male,Caucasian,22,7 (Admin),3 Meets,
SNDZ0393,Amelia,Thomas,2017-10-12,,Active,,R&D,Consumer,EMEA,Germany,Female,Caucasian,27,6 (VP),2 Below Meets,2020-02-07
SNDZ0394,Lucas,Bennett,2021-12-22,,Active,,Engineering,Consumer,AMER,US,Female,Asian,55,1 (Jr),1 Below Meets,
SNDZ0395,William,Wilson,2014-09-20,,Active,,HR,Consumer,EMEA,Germany,Male,Asian,37,5 (Dir),2 Below Meets,2020-07-08
SNDZ0396,Daniel,Gupta,2022-03-02,,Active,,Sales,Product,AMER,US,Male,Caucasian,65,2 (Mid),4 Exceeds,
SNDZ0397,Maya,Chen,2020-02-18,,Active,,Sales,Enterprise,APAC,India,Female,Caucasian,32,3 (Mid),5 Exceeds,2021-06-28
SNDZ0398,Ethan,Schmidt,2013-01-13,,Active,,Engineering,Audit,AMER,US,Male,Hispanic,36,7 (Admin),5 Exceeds,2017-11-04
SNDZ0399,Kabir,Shah,2021-05-04,,Active,,HR,Talent,AMER,US,Male,Caucasian,40,3 (Mid),2 Below Meets,2023-04-07
SNDZ0400,Lucas,Thompson,2018-04-13,,Active,,R&D,Product,AMER,US,Female,Caucasian,56,5 (Dir),4 Exceeds,2021-08-19
SNDZ0401,Fatima,Smith,2013-06-23,,Active,,Engineering,Audit,AMER,US,Female,Hispanic,44,1 (Jr),2 Below Meets,2023-08-09
SNDZ0402,Omar,Lewis,2022-08-20,,Active,,HR,Consumer,AMER,US,Female,Caucasian,56,3 (Mid),3 Meets,2024-05-25
SNDZ0403,Elena,Morgan,2015-09-09,,Active,,Engineering,Consumer,AMER,US,Female,Asian,33,1 (Jr),2 Below Meets,2024-10-16
SNDZ0404,Grace,Anderson,2015-04-04,,Active,,Engineering,Audit,EMEA,Germany,Male,Asian,56,5 (Dir),3 Meets,
SNDZ0405,Henry,Smith,2017-01-19,,Active,,Sales,Consumer,AMER,US,Female,Caucasian,36,1 (Jr),3 Meets,
SNDZ0406,Ravi,Shah,2020-06-14,,Active,,Sales,Enterprise,AMER,US,Male,Hispanic,44,2 (Mid),2 Below Meets,
SNDZ0407,Aisha,Nguyen,2021-06-10,,Active,,R&D,Product,AMER,US,Female,Asian,53,2 (Mid),3 Meets,2024-03-23
SNDZ0408,Isabella,Bennett,2022-05-27,,Active,,HR,Consumer,AMER,US,Female,Asian,34,1 (Jr),3 Meets,
SNDZ0409,Priya,Walker,2015-07-12,,Active,,Engineering,Audit,AMER,US,Female,Caucasian,38,4 (Sr),3 Meets,
SNDZ0410,Alexander,Patel,2016-03-07,,Active,,Engineering,Enterprise,APAC,India,Male,Caucasian,26,3 (Mid),3 Meets,2022-04-08
SNDZ0411,Vikram,Shah,2022-06-02,,Active,,R&D,Product,AMER,US,Female,Asian,49,5 (Dir),3 Meets,2024-08-25
SNDZ0412,Aarav,Hoffman,2016-03-20,,Active,,Engineering,Consumer,AMER,US,Female,Black,61,1 (Jr),3 Meets,
SNDZ0413,Jonas,Miller,2022-05-07,,Active,,Finance,Enterprise,AMER,US,Male,Asian,49,5 (Dir),3 Meets,
SNDZ0414,Ravi,Davis,2020-11-06,,Active,,Finance,Enterprise,AMER,US,Female,Hispanic,45,3 (Mid),3 Meets,2022-06-19
SNDZ0415,Ravi,Lee,2014-05-19,,Active,,Engineering,Product,EMEA,Germany,Male,Hispanic,49,5 (Dir),3 Meets,2018-01-17
SNDZ0416,Fatima,Khan,2019-07-22,,Active,,Engineering,Talent,EMEA,Germany,Female,Asian,42,5 (Dir),5 Exceeds,
SNDZ0417,Aisha,Kim,2023-09-01,,Active,,Finance,Consumer,AMER,US,Female,Asian,50,3 (Mid),3 Meets,2025-05-29
SNDZ0418,Hannah,Davis,2014-11-27,,Active,,Sales,Consumer,AMER,US,Female,Asian,61,2 (Mid),3 Meets,
SNDZ0419,Nadia,Roberts,2017-09-12,,Active,,Engineering,Enterprise,AMER,US,Male,Black,31,2 (Mid),4 Exceeds,
SNDZ0420,Nadia,Schmidt,2014-11-25,,Active,,Engineering,Enterprise,AMER,Brazil,Female,Hispanic,39,3 (Mid),3 Meets,
SNDZ0421,Isabella,Zhang,2014-09-07,,Active,,Sales,Enterprise,AMER,US,Female,Caucasian,36,7 (Admin),2 Below Meets,2025-01-04
SNDZ0422,Nadia,Thompson,2013-07-03,,Active,,HR,Audit,AMER,US,Female,Asian,30,2 (Mid),3 Meets,
SNDZ0423,Sophia,Walker,2015-11-25,,Active,,Sales,Product,AMER,US,Male,Hispanic,52,1 (Jr),3 Meets,2021-02-28
SNDZ0424,Ryan,Davis,2018-10-17,,Active,,Sales,Consumer,AMER,US,Male,Hispanic,49,5 (Dir),3 Meets,2023-12-17
SNDZ0425,Arjun,Harris,2021-08-20,,Active,,Sales,Consumer,AMER,US,Female,Asian,43,6 (VP),3 Meets,2023-11-16
SNDZ0426,Emma,Schmidt,2020-10-22,,Active,,Engineering,Consumer,AMER,US,Male,Asian,47,3 (Mid),4 Exceeds,
SNDZ0427,Alexander,Lewis,2021-01-12,,Active,,Finance,Talent,APAC,India,Female,Caucasian,34,3 (Mid),4 Exceeds,2025-06-07
SNDZ0428,Ravi,Bennett,2014-09-07,,Active,,Engineering,Enterprise,AMER,US,Male,Caucasian,44,1 (Jr),1 Below Meets,2019-10-30
SNDZ0429,Aisha,Morgan,2016-10-25,,Active,,HR,Consumer,EMEA,UK,Male,Asian,41,4 (Sr),4 Exceeds,
SNDZ0430,Thomas,Walker,2020-05-16,2023-06-19,Separated,Voluntary,Engineering,Product,AMER,US,Female,Asian,42,3 (Mid),3 Meets,2023-07-03
SNDZ0431,Kabir,Taylor,2021-04-12,,Active,,R&D,Enterprise,AMER,Brazil,Male,Caucasian,40,6 (VP),5 Exceeds,
SNDZ0432,Omar,Davis,2014-11-02,,Active,,Engineering,Talent,AMER,US,Male,Caucasian,55,4 (Sr),3 Meets,2020-04-02
SNDZ0433,Ethan,Hoffman,2022-03-20,,Active,,Finance,Product,AMER,US,Male,Hispanic,44,3 (Mid),4 Exceeds,
SNDZ0434,Elena,Patel,2022-08-09,,Active,,HR,Audit,AMER,Brazil,Female,Asian,35,3 (Mid),2 Below Meets,2024-12-26
SNDZ0435,Vikram,Clark,2014-12-10,,Active,,R&D,Consumer,AMER,US,Female,Asian,39,4 (Sr),5 Exceeds,2019-08-14
SNDZ0436,Omar,Thompson,2014-09-11,,Active,,Engineering,Enterprise,EMEA,Germany,Male,Hispanic,44,4 (Sr),3 Meets,2025-03-22
SNDZ0437,Sophia,Gupta,2023-05-16,,Active,,Sales,Enterprise,AMER,US,Male,Black,40,2 (Mid),3 Meets,
SNDZ0438,Grace,Shah,2015-02-20,,Active,,Finance,Talent,AMER,US,Female,Black,23,1 (Jr),3 Meets,
SNDZ0439,Sofia,Lewis,2014-08-28,,Active,,Engineering,Product,AMER,US,Female,Hispanic,34,5 (Dir),3 Meets,2020-05-31
SNDZ0440,Vikram,Lewis,2022-03-02,,Active,,Engineering,Consumer,APAC,China,Male,Black,37,4 (Sr),3 Meets,2024-09-18
SNDZ0441,Fatima,Walker,2016-09-07,,Active,,Sales,Consumer,AMER,Brazil,Male,Asian,48,3 (Mid),3 Meets,2021-10-15
SNDZ0442,Nadia,Smith,2020-06-18,,Active,,Sales,Consumer,AMER,US,Male,Asian,43,3 (Mid),1 Below Meets,
SNDZ0443,Liam,Khan,2018-07-27,,Active,,Sales,Product,AMER,US,Female,Hispanic,50,3 (Mid),3 Meets,2021-09-27
SNDZ0444,Camila,Davis,2018-07-03,,Active,,Sales,Consumer,EMEA,Germany,Male,Black,32,6 (VP),1 Below Meets,2022-10-15
SNDZ0445,Henry,Nguyen,2022-09-23,,Active,,Engineering,Consumer,EMEA,UK,Male,Caucasian,33,2 (Mid),3 Meets,2024-01-09
SNDZ0446,Ravi,Walker,2023-08-12,,Active,,HR,Product,AMER,US,Male,Caucasian,23,3 (Mid),2 Below Meets,2025-05-05
SNDZ0447,David,Chen,2019-12-15,,Active,,Engineering,Product,AMER,US,Female,Asian,41,3 (Mid),4 Exceeds,2025-05-03
SNDZ0448,Henry,Morgan,2023-06-05,,Active,,Engineering,Talent,APAC,India,Male,Asian,26,5 (Dir),3 Meets,2025-05-12
SNDZ0449,Sofia,Thomas,2021-07-10,2021-08-14,Separated,Voluntary,Engineering,Enterprise,AMER,US,Male,Hispanic,58,2 (Mid),3 Meets,
SNDZ0450,James,Kumar,2017-02-02,,Active,,Engineering,Consumer,APAC,China,Female,Hispanic,38,1 (Jr),4 Exceeds,2021-03-28
SNDZ0451,Julia,Bennett,2016-01-18,,Active,,R&D,Product,AMER,US,Female,Asian,58,3 (Mid),1 Below Meets,
SNDZ0452,Chloe,Harris,2020-01-28,,Active,,Engineering,Enterprise,AMER,US,Male,Black,28,4 (Sr),3 Meets,2022-02-15
SNDZ0453,Emma,Thompson,2018-03-28,,Active,,Engineering,Audit,AMER,US,Male,Hispanic,65,6 (VP),3 Meets,2024-12-01
SNDZ0454,Liam,Miller,2017-02-10,2019-03-28,Separated,Voluntary,Sales,Enterprise,AMER,US,Male,Hispanic,47,2 (Mid),3 Meets,2020-04-21
SNDZ0455,Hannah,Patel,2020-04-16,,Active,,Engineering,Enterprise,AMER,US,Female,Asian,37,3 (Mid),3 Meets,
SNDZ0456,Alexander,Shah,2016-05-03,,Active,,Sales,Audit,AMER,US,Male,Caucasian,29,1 (Jr),3 Meets,2018-08-26
SNDZ0457,Camila,Williams,2016-04-22,,Active,,Finance,Enterprise,AMER,US,Female,Asian,58,2 (Mid),2 Below Meets,2023-01-10
SNDZ0458,Hannah,Johnson,2015-08-28,,Active,,Engineering,Consumer,APAC,India,Female,Asian,53,7 (Admin),3 Meets,
SNDZ0459,Ravi,Bennett,2021-02-27,,Active,,HR,Product,AMER,US,Female,Asian,35,1 (Jr),3 Meets,
SNDZ0460,Hannah,Lewis,2013-11-26,,Active,,Engineering,Enterprise,AMER,US,Female,Hispanic,50,5 (Dir),5 Exceeds,
SNDZ0461,Olivia,Davis,2014-08-17,,Active,,R&D,Talent,EMEA,UK,Female,Hispanic,65,6 (VP),3 Meets,2018-07-04
SNDZ0462,Aarav,Wilson,2022-01-13,,Active,,Engineering,Enterprise,AMER,US,Male,Caucasian,22,5 (Dir),3 Meets,2023-02-16
SNDZ0463,Sophia,Johnson,2022-06-24,,Active,,Finance,Product,AMER,US,Male,Black,29,2 (Mid),4 Exceeds,
SNDZ0464,David,Bennett,2022-11-16,,Active,,HR,Product,AMER,US,Female,Hispanic,29,7 (Admin),3 Meets,2025-04-27
SNDZ0465,James,Gupta,2013-08-18,,Active,,R&D,Audit,AMER,US,Female,Caucasian,43,4 (Sr),3 Meets,
SNDZ0466,Thomas,Gupta,2015-05-04,2025-04-26,Separated,Voluntary,Sales,Consumer,AMER,US,Female,Caucasian,60,3 (Mid),4 Exceeds,2017-02-05
SNDZ0467,Henry,Lewis,2018-03-09,,Active,,Engineering,Consumer,AMER,US,Male,Hispanic,22,2 (Mid),3 Meets,2024-02-05
SNDZ0468,David,Morgan,2017-07-21,2023-03-31,Separated,Voluntary,Engineering,Consumer,AMER,US,Female,Caucasian,35,1 (Jr),5 Exceeds,2024-12-26
SNDZ0469,Benjamin,Wilson,2020-09-02,2024-09-21,Separated,Voluntary,Engineering,Enterprise,AMER,US,Male,Black,41,2 (Mid),3 Meets,2021-10-02
SNDZ0470,Olivia,Wilson,2013-07-08,,Active,,HR,Audit,AMER,US,Female,Hispanic,51,6 (VP),3 Meets,2019-10-18
SNDZ0471,Emma,Schmidt,2019-03-13,,Active,,Sales,Audit,APAC,China,Female,Caucasian,62,1 (Jr),3 Meets,2022-08-19
SNDZ0472,Ravi,Wang,2019-09-25,2024-06-03,Separated,Voluntary,Engineering,Enterprise,AMER,US,Male,Asian,51,1 (Jr),3 Meets,2022-06-22
SNDZ0473,Ryan,Miller,2021-06-15,,Active,,R&D,Talent,AMER,US,Male,Black,46,3 (Mid),3 Meets,2025-02-09
SNDZ0474,Chloe,Walker,2019-05-03,,Active,,Sales,Enterprise,AMER,US,Female,Asian,53,6 (VP),3 Meets,2024-10-15
SNDZ0475,Isabella,Morgan,2018-07-19,,Active,,Finance,Consumer,APAC,India,Male,Caucasian,54,5 (Dir),2 Below Meets,
SNDZ0476,Henry,Lee,2023-05-12,2023-07-11,Separated,Voluntary,R&D,Product,AMER,US,Male,Caucasian,56,3 (Mid),5 Exceeds,2025-01-14
SNDZ0477,Chloe,Schmidt,2013-08-14,,Active,,HR,Talent,EMEA,Germany,Female,Caucasian,44,3 (Mid),3 Meets,2016-01-04
SNDZ0478,Jonas,Gupta,2022-08-04,,Active,,Sales,Consumer,AMER,US,Female,Hispanic,65,3 (Mid),2 Below Meets,2024-04-28
SNDZ0479,Benjamin,Roberts,2021-05-14,,Active,,Engineering,Product,AMER,US,Male,Caucasian,38,6 (VP),3 Meets,
SNDZ0480,Michael,Harris,2020-03-21,,Active,,Engineering,Product,EMEA,Germany,Female,Black,49,3 (Mid),4 Exceeds,
SNDZ0481,Jasmine,Taylor,2022-10-29,,Active,,Sales,Product,AMER,US,Male,Hispanic,26,1 (Jr),3 Meets,2024-12-17
SNDZ0482,Julia,Smith,2017-06-06,,Active,,Engineering,Talent,AMER,Brazil,Female,Asian,42,3 (Mid),5 Exceeds,2025-03-25
SNDZ0483,Noah,Nguyen,2014-02-25,,Active,,Finance,Enterprise,EMEA,Germany,Female,Hispanic,33,5 (Dir),3 Meets,
SNDZ0484,Sophia,Shah,2016-04-13,,Active,,Sales,Talent,AMER,US,Female,Asian,55,5 (Dir),3 Meets,
SNDZ0485,Ravi,Hoffman,2016-06-13,,Active,,Sales,Product,AMER,Brazil,Male,Asian,35,2 (Mid),3 Meets,
SNDZ0486,Nadia,Smith,2013-03-15,,Active,,Engineering,Enterprise,AMER,US,Male,Asian,39,3 (Mid),1 Below Meets,
SNDZ0487,Ethan,Kumar,2016-04-06,,Active,,Engineering,Consumer,AMER,US,Male,Asian,49,3 (Mid),3 Meets,
SNDZ0488,Kabir,Morgan,2018-04-13,,Active,,Engineering,Enterprise,EMEA,Germany,Female,Hispanic,51,3 (Mid),3 Meets,
SNDZ0489,Henry,Nguyen,2017-12-04,,Active,,R&D,Enterprise,APAC,China,Male,Black,25,3 (Mid),4 Exceeds,2023-04-20
SNDZ0490,Benjamin,Taylor,2023-03-12,,Active,,Engineering,Product,AMER,US,Male,Black,37,4 (Sr),5 Exceeds,2025-03-04
SNDZ0491,Emma,Morgan,2021-06-28,,Active,,Finance,Product,APAC,China,Female,Caucasian,49,5 (Dir),3 Meets,2024-02-23
SNDZ0492,Julia,Clark,2015-11-22,,Active,,R&D,Audit,AMER,US,Female,Caucasian,35,3 (Mid),4 Exceeds,2024-08-21
SNDZ0493,Fatima,Clark,2013-04-01,,Active,,R&D,Product,AMER,US,Male,Asian,44,1 (Jr),3 Meets,2020-11-17
SNDZ0494,Alexander,Shah,2021-05-06,2022-03-26,Separated,Voluntary,Engineering,Product,AMER,US,Female,Caucasian,47,5 (Dir),3 Meets,
SNDZ0495,Sophia,Brown,2020-10-27,,Active,,Engineering,Talent,EMEA,Germany,Female,Caucasian,31,3 (Mid),4 Exceeds,
SNDZ0496,Noah,Lee,2022-04-23,,Active,,Sales,Enterprise,AMER,US,Female,Caucasian,45,1 (Jr),3 Meets,2024-11-20
SNDZ0497,Henry,Chen,2021-12-12,,Active,,Finance,Product,AMER,US,Female,Caucasian,53,1 (Jr),4 Exceeds,2024-01-07
SNDZ0498,Ethan,Smith,2013-03-30,,Active,,Finance,Audit,AMER,US,Male,Asian,46,4 (Sr),3 Meets,2025-06-16
SNDZ0499,Fatima,Roberts,2018-11-02,,Active,,Engineering,Consumer,AMER,US,Male,Asian,37,2 (Mid),4 Exceeds,2019-12-26
SNDZ0500,Ravi,Khan,2020-08-10,,Active,,Engineering,Product,AMER,US,Male,Caucasian,34,3 (Mid),4 Exceeds,
SNDZ0501,Amelia,Clark,2021-01-11,,Active,,Engineering,Consumer,APAC,India,Male,Hispanic,39,2 (Mid),3 Meets,2024-10-09
SNDZ0502,Sofia,Chen,2021-07-15,,Active,,HR,Product,AMER,US,Female,Black,29,1 (Jr),3 Meets,2022-10-06
SNDZ0503,James,Smith,2016-05-31,,Active,,Finance,Talent,EMEA,UK,Male,Black,26,2 (Mid),3 Meets,2024-04-02
SNDZ0504,Julia,Wang,2021-03-10,,Active,,Sales,Consumer,AMER,US,Male,Asian,65,4 (Sr),4 Exceeds,
SNDZ0505,Jasmine,Wang,2018-11-06,,Active,,R&D,Talent,AMER,US,Female,Asian,38,5 (Dir),4 Exceeds,2023-06-21
SNDZ0506,David,Zhang,2013-12-11,,Active,,Engineering,Consumer,EMEA,Germany,Female,Asian,50,4 (Sr),3 Meets,2017-07-06
SNDZ0507,Camila,Williams,2021-09-24,,Active,,R&D,Audit,AMER,US,Female,Hispanic,43,2 (Mid),2 Below Meets,
SNDZ0508,Daniel,Bennett,2015-12-21,,Active,,Sales,Enterprise,AMER,Brazil,Male,Caucasian,36,6 (VP),4 Exceeds,
SNDZ0509,Jonas,Schmidt,2013-02-14,,Active,,Engineering,Consumer,APAC,China,Female,Black,41,4 (Sr),3 Meets,2015-02-13
SNDZ0510,Liam,Gupta,2023-01-26,2023-09-29,Separated,Voluntary,Engineering,Product,APAC,China,Female,Asian,41,3 (Mid),4 Exceeds,2024-08-26
SNDZ0511,Ryan,Thomas,2019-04-03,,Active,,Engineering,Talent,EMEA,Germany,Male,Caucasian,44,3 (Mid),1 Below Meets,2022-03-04
SNDZ0512,Lucas,Davis,2013-02-25,,Active,,Engineering,Enterprise,AMER,US,Male,Hispanic,46,3 (Mid),3 Meets,2019-02-10
SNDZ0513,Jasmine,Lee,2017-09-26,,Active,,Engineering,Enterprise,AMER,US,Female,Asian,31,5 (Dir),3 Meets,2020-10-09
SNDZ0514,Michael,Williams,2023-06-10,,Active,,Engineering,Consumer,AMER,US,Male,Black,50,5 (Dir),3 Meets,2024-12-04
SNDZ0515,Sofia,Anderson,2020-01-16,2022-12-21,Separated,Voluntary,Engineering,Enterprise,AMER,US,Male,Caucasian,35,2 (Mid),3 Meets,
SNDZ0516,Camila,Nguyen,2016-06-08,,Active,,Engineering,Enterprise,EMEA,Germany,Male,Caucasian,53,3 (Mid),2 Below Meets,
SNDZ0517,Nadia,Walker,2022-05-26,,Active,,R&D,Talent,AMER,US,Female,Hispanic,42,4 (Sr),5 Exceeds,
SNDZ0518,Aisha,Anderson,2021-04-22,,Active,,Sales,Talent,AMER,Brazil,Female,Asian,34,6 (VP),5 Exceeds,2024-04-26
SNDZ0519,Rachel,Hoffman,2019-11-06,,Active,,Sales,Product,APAC,India,Male,Hispanic,32,3 (Mid),3 Meets,
SNDZ0520,Michael,Anderson,2015-11-06,,Active,,Engineering,Enterprise,AMER,US,Female,Asian,34,4 (Sr),3 Meets,2024-05-24
SNDZ0521,David,Walker,2017-03-30,,Active,,Sales,Talent,EMEA,Germany,Male,Asian,41,5 (Dir),3 Meets,2024-08-31
SNDZ0522,Benjamin,Lewis,2018-05-05,,Active,,Engineering,Talent,AMER,US,Female,Asian,37,6 (VP),4 Exceeds,2019-11-28
SNDZ0523,Liam,Clark,2018-06-24,2020-01-07,Separated,Voluntary,Finance,Consumer,EMEA,Germany,Male,Caucasian,40,5 (Dir),2 Below Meets,2024-02-18
SNDZ0524,Benjamin,Johnson,2015-09-23,2024-04-09,Separated,Voluntary,Sales,Talent,AMER,US,Female,Caucasian,49,1 (Jr),1 Below Meets,2023-07-04
SNDZ0525,Aisha,Thompson,2017-07-17,,Active,,Finance,Enterprise,AMER,US,Male,Asian,49,3 (Mid),3 Meets,
SNDZ0526,William,Walker,2018-03-02,,Active,,Engineering,Consumer,AMER,US,Male,Caucasian,43,3 (Mid),3 Meets,
SNDZ0527,Daniel,Clark,2022-01-27,,Active,,Sales,Consumer,AMER,US,Male,Caucasian,25,2 (Mid),4 Exceeds,2025-05-12
SNDZ0528,Benjamin,Khan,2016-08-02,,Active,,Sales,Enterprise,EMEA,UK,Male,Caucasian,42,1 (Jr),3 Meets,
SNDZ0529,Omar,Miller,2022-10-16,,Active,,HR,Product,AMER,US,Female,Caucasian,40,5 (Dir),3 Meets,2025-02-27
SNDZ0530,Ryan,Lee,2020-02-28,,Active,,HR,Audit,AMER,Brazil,Male,Caucasian,42,1 (Jr),3 Meets,2024-01-12
SNDZ0531,Grace,Johnson,2015-01-11,,Active,,Engineering,Audit,AMER,US,Male,Asian,59,4 (Sr),4 Exceeds,2016-02-06
SNDZ0532,Kabir,Anderson,2015-03-15,,Active,,HR,Audit,EMEA,UK,Male,Caucasian,50,2 (Mid),3 Meets,2017-02-27
SNDZ0533,Arjun,Nguyen,2013-01-08,,Active,,Finance,Consumer,AMER,US,Female,Caucasian,35,4 (Sr),4 Exceeds,2019-07-19
SNDZ0534,Amelia,Williams,2021-06-17,,Active,,R&D,Product,AMER,US,Male,Asian,45,4 (Sr),3 Meets,2023-09-12
SNDZ0535,David,Zhang,2021-07-19,,Active,,Sales,Consumer,APAC,China,Male,Hispanic,41,2 (Mid),4 Exceeds,2025-03-21
SNDZ0536,Jonas,Miller,2023-04-11,,Active,,HR,Enterprise,EMEA,Germany,Female,Asian,51,4 (Sr),3 Meets,2024-06-20
SNDZ0537,David,Johnson,2019-09-29,,Active,,R&D,Enterprise,AMER,US,Male,Black,48,5 (Dir),1 Below Meets,2025-01-20
SNDZ0538,Thomas,Khan,2016-01-09,2020-09-17,Separated,Voluntary,Sales,Talent,APAC,India,Female,Asian,51,3 (Mid),3 Meets,2024-09-11
SNDZ0539,Rachel,Thomas,2020-08-23,,Active,,Engineering,Consumer,APAC,India,Female,Caucasian,27,1 (Jr),2 Below Meets,2021-10-25
SNDZ0540,Hannah,Lewis,2019-11-20,,Active,,Engineering,Enterprise,AMER,US,Male,Asian,23,3 (Mid),3 Meets,
SNDZ0541,Amelia,Bennett,2013-01-04,2015-05-23,Separated,Voluntary,Sales,Consumer,AMER,US,Male,Black,52,2 (Mid),3 Meets,2015-11-10
SNDZ0542,Henry,Johnson,2020-06-14,,Active,,Finance,Consumer,AMER,US,Female,Caucasian,42,1 (Jr),3 Meets,
SNDZ0543,Liam,Hoffman,2021-12-18,,Active,,Engineering,Enterprise,AMER,US,Male,Caucasian,39,5 (Dir),3 Meets,2023-01-21
SNDZ0544,Alexander,Morgan,2020-06-04,,Active,,Finance,Talent,AMER,US,Female,Hispanic,52,2 (Mid),3 Meets,
SNDZ0545,Nadia,Garcia,2020-09-29,,Active,,R&D,Audit,AMER,US,Male,Hispanic,35,4 (Sr),3 Meets,2022-11-17
SNDZ0546,Grace,Walker,2017-04-24,,Active,,HR,Enterprise,EMEA,Germany,Female,Black,46,4 (Sr),5 Exceeds,2022-05-13
SNDZ0547,Ethan,Taylor,2013-09-03,,Active,,Sales,Product,AMER,US,Female,Caucasian,47,1 (Jr),4 Exceeds,
SNDZ0548,Grace,Anderson,2018-08-05,,Active,,Engineering,Product,AMER,Brazil,Male,Caucasian,44,4 (Sr),3 Meets,2025-02-16
SNDZ0549,Ethan,Taylor,2013-12-04,,Active,,Sales,Product,EMEA,UK,Male,Caucasian,46,1 (Jr),3 Meets,
SNDZ0550,Maya,Johnson,2019-02-11,,Active,,Engineering,Product,AMER,US,Male,Caucasian,52,5 (Dir),3 Meets,2024-05-11
SNDZ0551,William,Thomas,2015-08-24,,Active,,HR,Product,EMEA,UK,Male,Caucasian,50,2 (Mid),2 Below Meets,2019-09-29
SNDZ0552,William,Johnson,2022-07-20,,Active,,Finance,Product,AMER,US,Female,Caucasian,56,5 (Dir),4 Exceeds,2024-07-07
SNDZ0553,Alexander,Johnson,2014-04-20,,Active,,Engineering,Consumer,AMER,US,Female,Asian,22,3 (Mid),3 Meets,
SNDZ0554,Daniel,Kim,2019-04-03,,Active,,R&D,Enterprise,AMER,US,Female,Caucasian,38,1 (Jr),3 Meets,
SNDZ0555,Jonas,Kim,2021-06-30,,Active,,Finance,Enterprise,AMER,US,Male,Caucasian,38,7 (Admin),4 Exceeds,
SNDZ0556,Ethan,Bennett,2018-01-02,,Active,,Sales,Enterprise,APAC,India,Female,Caucasian,47,1 (Jr),2 Below Meets,2021-05-16
SNDZ0557,Ethan,Schmidt,2017-02-24,,Active,,R&D,Talent,AMER,Brazil,Male,Asian,41,1 (Jr),4 Exceeds,
SNDZ0558,David,Wang,2022-03-26,,Active,,Sales,Consumer,EMEA,UK,Female,Caucasian,56,3 (Mid),3 Meets,
SNDZ0559,Camila,Anderson,2021-06-07,2022-02-05,Separated,Voluntary,Finance,Audit,EMEA,UK,Female,Black,60,5 (Dir),3 Meets,2025-03-12
SNDZ0560,Omar,Smith,2020-11-03,,Active,,Engineering,Consumer,AMER,Brazil,Male,Hispanic,41,2 (Mid),3 Meets,
SNDZ0561,Benjamin,Roberts,2022-04-14,,Active,,Finance,Product,APAC,China,Female,Black,26,1 (Jr),3 Meets,2025-04-30
SNDZ0562,Omar,Garcia,2018-01-25,,Active,,R&D,Consumer,APAC,China,Male,Caucasian,57,4 (Sr),3 Meets,
SNDZ0563,Benjamin,Schmidt,2021-05-03,2021-11-28,Separated,Voluntary,Sales,Product,AMER,US,Male,Hispanic,54,3 (Mid),3 Meets,2024-07-25
SNDZ0564,Aisha,Wang,2021-07-05,,Active,,Engineering,Product,AMER,US,Female,Black,65,2 (Mid),2 Below Meets,2023-11-27
SNDZ0565,Ryan,Wilson,2023-03-14,,Active,,Finance,Enterprise,EMEA,UK,Male,Caucasian,35,4 (Sr),3 Meets,2025-05-28
SNDZ0566,David,Nguyen,2023-07-18,,Active,,Sales,Product,AMER,US,Female,Asian,38,2 (Mid),3 Meets,2025-04-26
SNDZ0567,Sofia,Khan,2018-11-10,,Active,,Sales,Consumer,AMER,US,Female,Asian,48,5 (Dir),3 Meets,2023-12-26
SNDZ0568,James,Smith,2017-03-23,,Active,,Sales,Product,AMER,US,Male,Caucasian,29,3 (Mid),5 Exceeds,
SNDZ0569,Elena,Nguyen,2020-10-15,,Active,,Finance,Enterprise,APAC,China,Male,Black,27,3 (Mid),3 Meets,2023-10-11
SNDZ0570,Omar,Lee,2013-02-01,,Active,,Sales,Product,AMER,US,Female,Asian,60,3 (Mid),2 Below Meets,2018-05-08
SNDZ0571,Amelia,Garcia,2016-01-19,,Active,,Engineering,Product,AMER,US,Female,Black,38,4 (Sr),5 Exceeds,
SNDZ0572,Michael,Thompson,2016-06-29,,Active,,Engineering,Audit,AMER,US,Male,Asian,49,2 (Mid),1 Below Meets,2021-04-13
SNDZ0573,Aisha,Williams,2022-04-26,2023-01-10,Separated,Voluntary,HR,Product,APAC,China,Female,Asian,47,2 (Mid),3 Meets,2023-09-25
SNDZ0574,Grace,Hoffman,2019-09-19,,Active,,Finance,Product,EMEA,UK,Female,Caucasian,34,1 (Jr),3 Meets,2021-11-08
SNDZ0575,Michael,Wilson,2020-02-22,,Active,,Engineering,Enterprise,AMER,US,Male,Caucasian,40,3 (Mid),2 Below Meets,2025-02-01
SNDZ0576,Benjamin,Davis,2014-03-09,,Active,,Finance,Consumer,AMER,US,Female,Hispanic,41,1 (Jr),2 Below Meets,
SNDZ0577,Henry,Anderson,2014-09-08,,Active,,Engineering,Product,AMER,US,Male,Asian,25,5 (Dir),5 Exceeds,2023-02-23
SNDZ0578,Amelia,Clark,2017-07-02,,Active,,R&D,Enterprise,AMER,US,Male,Hispanic,33,4 (Sr),3 Meets,2019-09-19
SNDZ0579,Grace,Schmidt,2016-09-02,,Active,,R&D,Product,APAC,China,Male,Caucasian,45,4 (Sr),4 Exceeds,
SNDZ0580,Lucas,Kumar,2020-12-17,,Active,,Engineering,Talent,AMER,US,Female,Asian,49,2 (Mid),4 Exceeds,2022-08-09
SNDZ0581,Priya,Johnson,2014-05-24,,Active,,Engineering,Consumer,APAC,India,Male,Black,61,3 (Mid),3 Meets,
SNDZ0582,Michael,Wang,2014-08-22,,Active,,HR,Product,APAC,China,Female,Asian,58,3 (Mid),3 Meets,2016-05-10
SNDZ0583,Daniel,Gupta,2016-05-16,,Active,,Sales,Consumer,AMER,US,Male,Black,50,3 (Mid),3 Meets,
SNDZ0584,Fatima,Harris,2018-06-18,,Active,,Finance,Enterprise,AMER,US,Male,Caucasian,48,7 (Admin),3 Meets,
SNDZ0585,Hannah,Williams,2020-07-07,,Active,,HR,Enterprise,APAC,China,Female,Asian,42,3 (Mid),2 Below Meets,2024-05-06
SNDZ0586,Aarav,Lee,2021-03-27,,Active,,Sales,Product,AMER,US,Female,Caucasian,31,5 (Dir),3 Meets,2024-07-25
SNDZ0587,Amelia,Roberts,2023-06-16,,Active,,R&D,Talent,AMER,US,Female,Hispanic,36,3 (Mid),3 Meets,
SNDZ0588,Vikram,Garcia,2016-06-24,2023-07-07,Separated,Voluntary,Sales,Enterprise,APAC,China,Female,Hispanic,45,2 (Mid),3 Meets,2019-05-15
SNDZ0589,Chloe,Thompson,2015-10-13,,Active,,R&D,Product,EMEA,Germany,Female,Black,54,2 (Mid),3 Meets,2022-11-30
SNDZ0590,Benjamin,Garcia,2015-07-04,,Active,,R&D,Enterprise,AMER,US,Male,Black,41,1 (Jr),4 Exceeds,2018-01-13
SNDZ0591,James,Williams,2016-03-09,,Active,,R&D,Talent,APAC,India,Male,Asian,38,2 (Mid),5 Exceeds,2021-05-25
SNDZ0592,Daniel,Nguyen,2015-12-26,2017-12-20,Separated,Voluntary,Engineering,Product,AMER,US,Male,Caucasian,58,4 (Sr),3 Meets,
SNDZ0593,Thomas,Hoffman,2015-08-28,,Active,,Engineering,Product,EMEA,UK,Female,Hispanic,34,5 (Dir),3 Meets,2023-10-17
SNDZ0594,Kabir,Davis,2018-08-21,,Active,,Engineering,Consumer,AMER,US,Female,Black,42,3 (Mid),4 Exceeds,2023-09-24
SNDZ0595,Jasmine,Bennett,2023-05-14,,Active,,Sales,Consumer,APAC,China,Female,Black,32,2 (Mid),3 Meets,2024-05-27
SNDZ0596,Aisha,Zhang,2014-07-12,,Active,,HR,Consumer,AMER,US,Male,Hispanic,28,4 (Sr),3 Meets,
SNDZ0597,Rachel,Morgan,2019-02-08,,Active,,HR,Consumer,EMEA,Germany,Female,Asian,48,3 (Mid),3 Meets,2023-07-28
SNDZ0598,Vikram,Wang,2017-11-10,,Active,,Sales,Product,AMER,US,Female,Asian,29,3 (Mid),3 Meets,2023-06-25
SNDZ0599,Ethan,Kim,2019-06-25,,Active,,Engineering,Consumer,EMEA,Germany,Female,Caucasian,36,1 (Jr),5 Exceeds,2024-06-03
SNDZ0600,James,Hoffman,2013-03-02,,Active,,R&D,Audit,EMEA,UK,Male,Caucasian,51,3 (Mid),5 Exceeds,2025-03-21
SNDZ0601,Maya,Wilson,2016-11-28,,Active,,Finance,Enterprise,AMER,US,Female,Black,55,3 (Mid),4 Exceeds,2021-11-11
SNDZ0602,Vikram,Kumar,2020-03-26,,Active,,Finance,Product,AMER,US,Male,Hispanic,59,4 (Sr),5 Exceeds,2025-02-27
SNDZ0603,Emma,Gupta,2023-08-26,,Active,,Engineering,Product,EMEA,UK,Female,Black,51,2 (Mid),4 Exceeds,2024-12-01
SNDZ0604,Jonas,Harris,2017-09-16,,Active,,R&D,Audit,AMER,US,Male,Caucasian,47,2 (Mid),3 Meets,
SNDZ0605,Maya,Kim,2013-08-15,,Active,,Sales,Product,AMER,US,Female,Caucasian,56,1 (Jr),4 Exceeds,2021-12-28
SNDZ0606,Jasmine,Thompson,2022-12-10,,Active,,Engineering,Enterprise,AMER,US,Male,Asian,45,1 (Jr),4 Exceeds,2025-03-11
SNDZ0607,Camila,Wilson,2013-11-06,,Active,,R&D,Product,EMEA,Germany,Male,Caucasian,64,4 (Sr),5 Exceeds,
SNDZ0608,Julia,Anderson,2015-01-06,,Active,,R&D,Enterprise,AMER,US,Female,Black,37,1 (Jr),3 Meets,
SNDZ0609,Noah,Kim,2017-03-01,,Active,,Sales,Audit,AMER,US,Male,Hispanic,43,1 (Jr),2 Below Meets,2021-12-25
SNDZ0610,David,Wang,2017-08-03,,Active,,Engineering,Consumer,APAC,India,Female,Asian,47,1 (Jr),5 Exceeds,
SNDZ0611,Noah,Taylor,2019-04-24,,Active,,Engineering,Consumer,AMER,US,Male,Caucasian,50,2 (Mid),3 Meets,2020-12-26
SNDZ0612,Aarav,Hoffman,2018-01-25,,Active,,R&D,Product,AMER,US,Male,Asian,43,5 (Dir),4 Exceeds,2022-09-11
SNDZ0613,Omar,Hoffman,2018-02-22,,Active,,R&D,Enterprise,AMER,US,Male,Caucasian,64,1 (Jr),2 Below Meets,2022-02-06
SNDZ0614,Kabir,Shah,2019-03-20,,Active,,Engineering,Consumer,AMER,US,Female,Asian,63,1 (Jr),3 Meets,2022-10-31
SNDZ0615,Noah,Kumar,2022-07-14,2022-12-22,Separated,Voluntary,Sales,Enterprise,AMER,Brazil,Male,Black,36,1 (Jr),3 Meets,
SNDZ0616,Michael,Garcia,2019-10-19,,Active,,Sales,Product,AMER,US,Female,Asian,45,1 (Jr),2 Below Meets,2022-02-14
SNDZ0617,Priya,Clark,2017-10-23,,Active,,R&D,Consumer,AMER,US,Male,Asian,39,2 (Mid),3 Meets,2022-11-17
SNDZ0618,Daniel,Zhang,2016-11-27,,Active,,Engineering,Audit,AMER,US,Female,Black,53,1 (Jr),5 Exceeds,2024-01-23
SNDZ0619,Thomas,Brown,2023-02-15,,Active,,Sales,Product,AMER,US,Female,Asian,37,2 (Mid),3 Meets,2024-09-27
SNDZ0620,William,Hoffman,2021-08-05,,Active,,Engineering,Enterprise,AMER,US,Female,Asian,52,4 (Sr),3 Meets,
SNDZ0621,Ethan,Gupta,2022-02-15,,Active,,R&D,Consumer,AMER,US,Female,Asian,51,1 (Jr),1 Below Meets,2023-10-06
SNDZ0622,William,Smith,2020-03-08,,Active,,Finance,Talent,EMEA,UK,Female,Asian,44,3 (Mid),4 Exceeds,2024-02-17
SNDZ0623,Emma,Morgan,2018-04-17,,Active,,Engineering,Enterprise,AMER,US,Female,Hispanic,26,1 (Jr),3 Meets,
SNDZ0624,Elena,Patel,2022-04-30,,Active,,R&D,Product,APAC,China,Female,Black,46,6 (VP),3 Meets,2024-06-05
SNDZ0625,Jasmine,Nguyen,2018-06-18,,Active,,Sales,Enterprise,APAC,China,Female,Caucasian,43,2 (Mid),4 Exceeds,2019-12-21
SNDZ0626,Daniel,Hoffman,2017-01-25,,Active,,R&D,Consumer,AMER,US,Male,Asian,40,1 (Jr),3 Meets,2022-09-02
SNDZ0627,Emma,Garcia,2020-02-02,,Active,,HR,Consumer,EMEA,UK,Female,Asian,46,2 (Mid),3 Meets,2023-05-04
SNDZ0628,Benjamin,Thompson,2018-02-22,,Active,,Engineering,Consumer,APAC,China,Male,Hispanic,46,1 (Jr),5 Exceeds,
SNDZ0629,Thomas,Bennett,2018-10-06,,Active,,R&D,Enterprise,EMEA,UK,Female,Black,47,3 (Mid),3 Meets,
SNDZ0630,William,Zhang,2018-09-14,2022-07-31,Separated,Voluntary,R&D,Product,AMER,US,Female,Caucasian,44,1 (Jr),4 Exceeds,2020-01-06
SNDZ0631,Fatima,Lee,2014-02-01,,Active,,R&D,Product,AMER,US,Female,Hispanic,53,2 (Mid),4 Exceeds,2019-01-30
SNDZ0632,Camila,Williams,2015-08-05,,Active,,Finance,Audit,AMER,US,Female,Hispanic,32,5 (Dir),3 Meets,
SNDZ0633,Emma,Clark,2016-10-11,,Active,,Engineering,Product,APAC,China,Female,Caucasian,34,2 (Mid),4 Exceeds,
SNDZ0634,Maya,Wilson,2013-04-25,2015-01-04,Separated,Voluntary,Sales,Consumer,AMER,US,Male,Asian,45,1 (Jr),3 Meets,2022-02-27
SNDZ0635,Omar,Lewis,2021-03-20,,Active,,Finance,Enterprise,AMER,US,Female,Asian,46,5 (Dir),4 Exceeds,
SNDZ0636,Lucas,Lee,2015-05-31,,Active,,R&D,Product,AMER,US,Male,Black,27,5 (Dir),3 Meets,
SNDZ0637,James,Roberts,2015-11-02,,Active,,Finance,Product,AMER,US,Male,Caucasian,39,4 (Sr),3 Meets,
SNDZ0638,Fatima,Garcia,2018-01-15,,Active,,Engineering,Talent,AMER,US,Female,Asian,42,1 (Jr),3 Meets,2021-05-09
SNDZ0639,Jonas,Schmidt,2015-03-17,2017-10-07,Separated,Voluntary,Engineering,Audit,AMER,US,Male,Caucasian,35,1 (Jr),3 Meets,2023-10-05
SNDZ0640,Benjamin,Lee,2020-10-05,,Active,,Engineering,Enterprise,AMER,US,Female,Asian,40,2 (Mid),1 Below Meets,2023-08-14
SNDZ0641,Noah,Kumar,2013-04-22,2015-07-16,Separated,Voluntary,Sales,Product,APAC,China,Male,Hispanic,54,2 (Mid),1 Below Meets,2017-07-18
SNDZ0642,Hannah,Walker,2015-07-31,,Active,,Engineering,Enterprise,AMER,US,Male,Asian,47,4 (Sr),3 Meets,2024-05-19
SNDZ0643,Kabir,Kim,2019-03-14,,Active,,HR,Enterprise,AMER,US,Female,Black,47,1 (Jr),3 Meets,2023-01-31
SNDZ0644,Kabir,Clark,2015-09-30,,Active,,R&D,Enterprise,AMER,US,Female,Caucasian,50,2 (Mid),4 Exceeds,2017-03-17
SNDZ0645,Sofia,Roberts,2014-06-07,,Active,,Finance,Consumer,AMER,US,Male,Hispanic,40,2 (Mid),3 Meets,2016-10-02
SNDZ0646,Sofia,Patel,2015-02-18,,Active,,Engineering,Enterprise,EMEA,Germany,Male,Asian,36,4 (Sr),3 Meets,2022-10-31
SNDZ0647,Sophia,Khan,2018-03-16,,Active,,Engineering,Consumer,AMER,US,Male,Asian,43,1 (Jr),4 Exceeds,
SNDZ0648,Isabella,Khan,2016-04-17,,Active,,Sales,Talent,AMER,US,Male,Hispanic,48,1 (Jr),3 Meets,2025-06-01
SNDZ0649,Elena,Walker,2023-03-01,2023-05-02,Separated,Voluntary,Engineering,Enterprise,AMER,US,Female,Asian,30,2 (Mid),3 Meets,
SNDZ0650,Maya,Anderson,2014-02-19,,Active,,Sales,Consumer,AMER,US,Male,Asian,29,1 (Jr),3 Meets,2021-03-16
SNDZ0651,Julia,Khan,2018-06-20,,Active,,Sales,Enterprise,AMER,US,Female,Asian,56,4 (Sr),3 Meets,2020-10-25
SNDZ0652,Jonas,Lee,2016-04-19,,Active,,Engineering,Consumer,AMER,US,Female,Caucasian,28,1 (Jr),5 Exceeds,
SNDZ0653,Lucas,Chen,2019-11-12,,Active,,HR,Enterprise,AMER,US,Male,Black,45,4 (Sr),4 Exceeds,2024-10-09
SNDZ0654,Olivia,Anderson,2019-08-04,2025-06-15,Separated,Voluntary,Engineering,Product,AMER,US,Female,Hispanic,49,5 (Dir),4 Exceeds,
SNDZ0655,Hannah,Lewis,2016-03-23,,Active,,Engineering,Talent,AMER,US,Female,Black,38,3 (Mid),3 Meets,2018-02-09
SNDZ0656,Maya,Kim,2014-05-16,,Active,,Engineering,Enterprise,APAC,India,Male,Caucasian,58,5 (Dir),3 Meets,
SNDZ0657,Thomas,Zhang,2014-06-01,,Active,,R&D,Consumer,AMER,US,Female,Asian,50,5 (Dir),4 Exceeds,2019-03-09
SNDZ0658,Emma,Bennett,2020-06-05,,Active,,Finance,Talent,AMER,US,Male,Asian,49,3 (Mid),3 Meets,
SNDZ0659,Isabella,Brown,2020-06-26,,Active,,Engineering,Product,AMER,US,Female,Black,25,1 (Jr),4 Exceeds,
SNDZ0660,Ethan,Kumar,2021-03-21,,Active,,R&D,Enterprise,AMER,US,Male,Asian,46,1 (Jr),3 Meets,2022-07-18
SNDZ0661,Nadia,Zhang,2021-07-12,2021-10-16,Separated,Voluntary,Finance,Talent,APAC,India,Male,Hispanic,51,7 (Admin),3 Meets,2024-06-04
SNDZ0662,Daniel,Shah,2014-07-25,,Active,,Engineering,Audit,EMEA,UK,Male,Asian,62,2 (Mid),3 Meets,2018-10-14
SNDZ0663,Fatima,Anderson,2018-01-25,2021-01-14,Separated,Voluntary,Finance,Audit,AMER,US,Male,Asian,36,2 (Mid),5 Exceeds,
SNDZ0664,Aisha,Chen,2020-04-24,,Active,,Finance,Product,AMER,US,Female,Asian,34,6 (VP),4 Exceeds,
SNDZ0665,Emma,Hoffman,2022-07-07,,Active,,Engineering,Enterprise,EMEA,UK,Male,Caucasian,57,3 (Mid),3 Meets,
SNDZ0666,Hannah,Lee,2020-05-16,2024-09-16,Separated,Voluntary,Sales,Enterprise,EMEA,UK,Male,Asian,61,4 (Sr),3 Meets,2021-08-22
SNDZ0667,Emma,Patel,2017-04-08,,Active,,Sales,Audit,AMER,US,Male,Asian,58,3 (Mid),4 Exceeds,2019-06-06
SNDZ0668,Daniel,Brown,2020-11-04,,Active,,Engineering,Enterprise,AMER,US,Female,Asian,49,6 (VP),4 Exceeds,2025-03-13
SNDZ0669,Michael,Schmidt,2023-06-18,2024-04-11,Separated,Voluntary,HR,Enterprise,AMER,Brazil,Male,Hispanic,47,2 (Mid),2 Below Meets,2025-03-10
SNDZ0670,Michael,Taylor,2016-05-05,,Active,,Engineering,Product,AMER,US,Female,Black,28,6 (VP),3 Meets,2019-09-07
SNDZ0671,Priya,Davis,2018-11-22,,Active,,R&D,Product,APAC,India,Female,Asian,51,1 (Jr),3 Meets,2024-06-12
SNDZ0672,Olivia,Morgan,2021-07-09,2021-11-20,Separated,Voluntary,Finance,Audit,AMER,US,Female,Caucasian,40,2 (Mid),3 Meets,2023-04-11
SNDZ0673,Priya,Nguyen,2017-03-15,2018-03-20,Separated,Voluntary,Engineering,Product,AMER,US,Female,Asian,65,2 (Mid),3 Meets,2023-10-27
SNDZ0674,Maya,Clark,2020-10-31,,Active,,Sales,Product,EMEA,Germany,Male,Black,62,3 (Mid),3 Meets,2024-11-07
SNDZ0675,Elena,Hoffman,2021-02-17,,Active,,Engineering,Consumer,AMER,Brazil,Female,Asian,42,2 (Mid),4 Exceeds,2023-04-15
SNDZ0676,Michael,Khan,2018-05-23,,Active,,Sales,Consumer,AMER,Brazil,Male,Asian,49,4 (Sr),2 Below Meets,
SNDZ0677,Priya,Nguyen,2014-07-16,,Active,,Finance,Audit,AMER,US,Female,Asian,49,5 (Dir),4 Exceeds,2024-09-30
SNDZ0678,William,Harris,2022-08-27,,Active,,Engineering,Consumer,EMEA,UK,Female,Hispanic,45,4 (Sr),2 Below Meets,2024-07-30
SNDZ0679,Aarav,Patel,2021-07-25,,Active,,Engineering,Consumer,EMEA,Germany,Male,Caucasian,55,6 (VP),3 Meets,
SNDZ0680,Sophia,Thomas,2023-04-23,,Active,,Engineering,Product,EMEA,UK,Female,Hispanic,42,5 (Dir),2 Below Meets,2025-03-15
SNDZ0681,Aarav,Taylor,2017-12-13,,Active,,Engineering,Consumer,AMER,US,Female,Hispanic,33,2 (Mid),1 Below Meets,
SNDZ0682,Camila,Wang,2018-01-21,,Active,,Sales,Enterprise,AMER,US,Male,Caucasian,54,2 (Mid),3 Meets,2021-09-27
SNDZ0683,Kabir,Shah,2017-05-23,,Active,,R&D,Product,EMEA,Germany,Female,Caucasian,40,4 (Sr),4 Exceeds,2019-08-30
SNDZ0684,Sofia,Patel,2016-10-10,,Active,,HR,Consumer,AMER,US,Male,Hispanic,42,6 (VP),3 Meets,2024-02-26
SNDZ0685,Arjun,Taylor,2023-07-30,,Active,,Finance,Audit,APAC,China,Male,Asian,33,3 (Mid),3 Meets,2025-03-08
SNDZ0686,Benjamin,Hoffman,2017-12-11,,Active,,Finance,Consumer,AMER,US,Female,Asian,36,6 (VP),4 Exceeds,
SNDZ0687,Sophia,Shah,2022-11-20,2023-05-18,Separated,Voluntary,Finance,Consumer,APAC,India,Male,Hispanic,51,4 (Sr),1 Below Meets,2024-11-05
SNDZ0688,Arjun,Wilson,2019-01-08,,Active,,Sales,Enterprise,AMER,US,Male,Black,43,3 (Mid),3 Meets,
SNDZ0689,Aarav,Patel,2013-05-02,,Active,,Engineering,Enterprise,AMER,US,Female,Black,38,4 (Sr),4 Exceeds,2023-09-06
SNDZ0690,Maya,Nguyen,2021-01-19,,Active,,Finance,Consumer,AMER,US,Male,Caucasian,36,3 (Mid),4 Exceeds,2023-12-30
SNDZ0691,Arjun,Kumar,2019-03-26,,Active,,R&D,Talent,AMER,US,Female,Black,47,4 (Sr),3 Meets,2022-03-08
SNDZ0692,Fatima,Wilson,2015-05-08,,Active,,Finance,Enterprise,AMER,US,Female,Hispanic,44,5 (Dir),3 Meets,2025-04-16
SNDZ0693,Liam,Smith,2018-08-21,,Active,,Sales,Enterprise,AMER,US,Female,Black,48,2 (Mid),3 Meets,
SNDZ0694,Arjun,Davis,2017-02-17,,Active,,Sales,Enterprise,AMER,US,Male,Caucasian,43,4 (Sr),3 Meets,2018-11-06
SNDZ0695,William,Kumar,2016-08-02,,Active,,Finance,Consumer,APAC,India,Female,Asian,43,2 (Mid),4 Exceeds,2019-12-02
SNDZ0696,Kabir,Miller,2016-01-29,,Active,,Sales,Enterprise,AMER,US,Male,Black,34,4 (Sr),5 Exceeds,2023-11-16
SNDZ0697,Rachel,Williams,2014-10-13,,Active,,Engineering,Enterprise,APAC,India,Female,Asian,63,5 (Dir),3 Meets,2020-01-19
SNDZ0698,Noah,Nguyen,2018-05-29,,Active,,HR,Audit,APAC,India,Female,Asian,58,1 (Jr),5 Exceeds,2020-09-11
SNDZ0699,Rachel,Lewis,2022-08-03,,Active,,Finance,Talent,AMER,US,Female,Asian,47,1 (Jr),3 Meets,2024-03-09
SNDZ0700,Julia,Walker,2021-11-08,,Active,,Engineering,Consumer,AMER,US,Male,Hispanic,40,2 (Mid),4 Exceeds,
SNDZ0701,Thomas,Taylor,2022-06-02,,Active,,Engineering,Enterprise,AMER,US,Female,Asian,38,5 (Dir),1 Below Meets,
SNDZ0702,Camila,Shah,2019-11-27,,Active,,Engineering,Product,AMER,US,Female,Asian,40,3 (Mid),1 Below Meets,2022-09-23
SNDZ0703,Arjun,Zhang,2019-02-05,,Active,,R&D,Enterprise,EMEA,UK,Female,Caucasian,46,4 (Sr),4 Exceeds,2024-08-17
SNDZ0704,William,Kim,2020-03-03,,Active,,Sales,Enterprise,AMER,US,Male,Asian,48,7 (Admin),2 Below Meets,2024-05-27
SNDZ0705,David,Gupta,2022-05-28,2022-12-30,Separated,Voluntary,Engineering,Product,APAC,India,Male,Caucasian,43,5 (Dir),3 Meets,
SNDZ0706,Aisha,Lee,2016-02-22,,Active,,Engineering,Talent,AMER,Brazil,Male,Hispanic,43,4 (Sr),3 Meets,
SNDZ0707,Henry,Kim,2022-01-30,,Active,,Engineering,Product,EMEA,Germany,Female,Caucasian,34,1 (Jr),3 Meets,
SNDZ0708,Michael,Walker,2014-03-31,,Active,,Engineering,Consumer,AMER,US,Female,Black,29,1 (Jr),3 Meets,2022-03-01
SNDZ0709,Sophia,Shah,2017-03-12,,Active,,R&D,Product,AMER,Brazil,Male,Asian,24,1 (Jr),5 Exceeds,2018-04-19
SNDZ0710,Camila,Clark,2014-05-22,,Active,,R&D,Audit,APAC,India,Male,Asian,43,2 (Mid),4 Exceeds,
SNDZ0711,Emma,Williams,2017-04-19,,Active,,R&D,Consumer,AMER,US,Male,Caucasian,60,1 (Jr),4 Exceeds,
SNDZ0712,Michael,Wang,2015-05-18,,Active,,Engineering,Consumer,EMEA,UK,Male,Black,58,2 (Mid),3 Meets,
SNDZ0713,Lucas,Taylor,2016-04-09,2024-08-23,Separated,Voluntary,Sales,Enterprise,AMER,US,Male,Black,62,3 (Mid),3 Meets,2018-06-18
SNDZ0714,Arjun,Lewis,2019-07-22,,Active,,R&D,Enterprise,AMER,US,Male,Asian,29,5 (Dir),4 Exceeds,2022-05-20
SNDZ0715,Arjun,Lee,2019-02-14,,Active,,Engineering,Audit,AMER,US,Male,Caucasian,56,1 (Jr),1 Below Meets,
SNDZ0716,Chloe,Kumar,2020-11-01,,Active,,Finance,Talent,AMER,US,Female,Asian,54,2 (Mid),3 Meets,2025-01-10
SNDZ0717,Ryan,Roberts,2022-07-12,,Active,,Finance,Consumer,AMER,US,Male,Black,45,1 (Jr),3 Meets,
SNDZ0718,Emma,Harris,2020-12-23,,Active,,Sales,Product,AMER,US,Male,Asian,41,5 (Dir),4 Exceeds,2023-03-20
SNDZ0719,William,Morgan,2021-11-15,2022-05-30,Separated,Voluntary,Sales,Consumer,AMER,US,Female,Caucasian,47,3 (Mid),3 Meets,2023-01-05
SNDZ0720,Alexander,Patel,2015-08-21,,Active,,Engineering,Talent,AMER,US,Male,Asian,52,4 (Sr),3 Meets,
SNDZ0721,Jonas,Walker,2018-11-13,,Active,,Finance,Enterprise,AMER,US,Female,Hispanic,24,1 (Jr),2 Below Meets,2023-09-11
SNDZ0722,Hannah,Patel,2021-03-18,,Active,,Sales,Product,AMER,US,Male,Asian,49,1 (Jr),1 Below Meets,
SNDZ0723,Thomas,Thompson,2022-04-14,2022-05-29,Separated,Voluntary,R&D,Consumer,AMER,US,Female,Caucasian,39,1 (Jr),3 Meets,2023-12-26
SNDZ0724,Olivia,Wang,2018-09-08,,Active,,Sales,Product,EMEA,Germany,Female,Caucasian,31,4 (Sr),4 Exceeds,
SNDZ0725,Amelia,Gupta,2020-11-07,,Active,,Engineering,Consumer,AMER,US,Male,Hispanic,29,4 (Sr),2 Below Meets,
SNDZ0726,Alexander,Thompson,2020-08-12,,Active,,R&D,Product,AMER,US,Male,Asian,32,1 (Jr),5 Exceeds,2022-06-02
SNDZ0727,Sophia,Lee,2017-09-01,,Active,,Sales,Consumer,EMEA,Germany,Male,Hispanic,35,3 (Mid),4 Exceeds,
SNDZ0728,Isabella,Morgan,2021-01-04,,Active,,R&D,Product,AMER,US,Female,Hispanic,54,3 (Mid),1 Below Meets,
SNDZ0729,Michael,Walker,2023-08-02,,Active,,Sales,Consumer,AMER,US,Female,Asian,45,1 (Jr),4 Exceeds,2024-12-13
SNDZ0730,James,Miller,2013-01-07,,Active,,Finance,Product,AMER,US,Female,Caucasian,62,1 (Jr),3 Meets,2016-11-17
SNDZ0731,Fatima,Garcia,2017-09-19,,Active,,R&D,Consumer,AMER,US,Male,Asian,49,1 (Jr),1 Below Meets,
SNDZ0732,Elena,Kim,2016-08-11,,Active,,Engineering,Consumer,AMER,US,Male,Black,47,3 (Mid),3 Meets,
SNDZ0733,Camila,Chen,2018-07-02,,Active,,Sales,Product,AMER,Brazil,Female,Asian,41,3 (Mid),2 Below Meets,2025-05-01
SNDZ0734,Henry,Walker,2017-07-19,,Active,,Sales,Audit,AMER,US,Male,Asian,48,3 (Mid),2 Below Meets,2024-08-17
SNDZ0735,Ethan,Shah,2022-12-26,2023-07-23,Separated,Voluntary,Engineering,Consumer,AMER,US,Male,Asian,44,4 (Sr),3 Meets,2025-06-11
SNDZ0736,Hannah,Gupta,2021-03-27,,Active,,Sales,Product,AMER,US,Female,Asian,34,1 (Jr),3 Meets,2022-08-14
SNDZ0737,Julia,Davis,2020-04-28,2023-09-13,Separated,Voluntary,Sales,Talent,AMER,US,Male,Caucasian,35,2 (Mid),3 Meets,2025-02-22
SNDZ0738,Omar,Williams,2015-06-26,,Active,,Sales,Talent,AMER,US,Female,Caucasian,57,3 (Mid),3 Meets,
SNDZ0739,Sophia,Miller,2020-11-26,,Active,,R&D,Product,AMER,Brazil,Male,Caucasian,31,2 (Mid),4 Exceeds,2021-12-25
SNDZ0740,Olivia,Garcia,2017-09-06,,Active,,Sales,Product,AMER,US,Female,Caucasian,40,1 (Jr),3 Meets,
SNDZ0741,Grace,Wilson,2014-08-27,,Active,,Sales,Talent,AMER,US,Male,Caucasian,35,2 (Mid),3 Meets,2019-03-15
SNDZ0742,Daniel,Nguyen,2013-02-06,,Active,,Finance,Enterprise,AMER,US,Male,Black,44,4 (Sr),4 Exceeds,2014-05-02
SNDZ0743,Aarav,Lewis,2021-09-27,,Active,,R&D,Enterprise,APAC,China,Male,Hispanic,33,2 (Mid),3 Meets,2025-02-14
SNDZ0744,Ryan,Lewis,2022-03-06,,Active,,Finance,Enterprise,AMER,US,Female,Caucasian,45,4 (Sr),4 Exceeds,2024-12-11
SNDZ0745,Chloe,Smith,2018-10-09,2023-09-05,Separated,Voluntary,Sales,Enterprise,AMER,US,Male,Hispanic,44,1 (Jr),3 Meets,
SNDZ0746,Elena,Bennett,2021-07-10,,Active,,R&D,Talent,AMER,US,Male,Hispanic,55,2 (Mid),2 Below Meets,2023-05-07
SNDZ0747,Nadia,Johnson,2019-03-18,2023-03-29,Separated,Voluntary,R&D,Audit,AMER,US,Male,Hispanic,25,2 (Mid),3 Meets,2020-09-21
SNDZ0748,Hannah,Walker,2019-07-17,,Active,,Sales,Audit,EMEA,UK,Male,Asian,44,5 (Dir),3 Meets,2024-08-12
SNDZ0749,Benjamin,Shah,2013-11-28,2018-11-20,Separated,Voluntary,Engineering,Audit,EMEA,Germany,Male,Black,34,2 (Mid),2 Below Meets,
SNDZ0750,Aisha,Davis,2015-08-13,,Active,,Engineering,Consumer,AMER,US,Female,Asian,26,4 (Sr),5 Exceeds,
SNDZ0751,Nadia,Smith,2016-01-24,,Active,,Engineering,Consumer,APAC,India,Male,Asian,42,1 (Jr),2 Below Meets,2022-05-04
SNDZ0752,Rachel,Williams,2018-07-17,,Active,,Engineering,Product,AMER,US,Female,Asian,34,3 (Mid),5 Exceeds,2024-04-13
SNDZ0753,Benjamin,Brown,2015-10-26,,Active,,Sales,Talent,APAC,China,Male,Hispanic,52,2 (Mid),4 Exceeds,
SNDZ0754,David,Patel,2016-07-17,,Active,,Finance,Talent,AMER,US,Male,Caucasian,43,6 (VP),3 Meets,2022-11-14
SNDZ0755,Ethan,Khan,2018-01-26,,Active,,Finance,Product,AMER,US,Male,Hispanic,39,1 (Jr),4 Exceeds,2023-11-10
SNDZ0756,Hannah,Thomas,2014-04-08,,Active,,R&D,Consumer,AMER,US,Female,Black,30,2 (Mid),4 Exceeds,
SNDZ0757,James,Smith,2015-05-17,2021-03-07,Separated,Voluntary,Engineering,Talent,AMER,US,Female,Black,48,1 (Jr),3 Meets,2016-11-11
SNDZ0758,Amelia,Bennett,2014-08-06,,Active,,Sales,Audit,AMER,US,Female,Caucasian,45,3 (Mid),3 Meets,2020-08-12
SNDZ0759,Lucas,Gupta,2023-01-27,,Active,,Finance,Consumer,AMER,US,Male,Caucasian,24,4 (Sr),3 Meets,2024-05-16
SNDZ0760,Grace,Anderson,2015-05-13,,Active,,Sales,Product,AMER,US,Male,Asian,43,4 (Sr),3 Meets,2019-08-28
SNDZ0761,Isabella,Patel,2020-01-20,,Active,,Engineering,Consumer,AMER,US,Female,Black,58,4 (Sr),4 Exceeds,2022-09-10
SNDZ0762,Camila,Lewis,2020-04-29,,Active,,HR,Enterprise,EMEA,Germany,Female,Caucasian,48,4 (Sr),3 Meets,2022-02-15
SNDZ0763,David,Thompson,2019-11-26,,Active,,Engineering,Consumer,AMER,US,Male,Caucasian,46,2 (Mid),1 Below Meets,
SNDZ0764,Fatima,Garcia,2021-09-28,,Active,,Sales,Product,AMER,US,Female,Asian,30,2 (Mid),2 Below Meets,
SNDZ0765,Alexander,Nguyen,2014-04-20,,Active,,Finance,Product,AMER,US,Female,Caucasian,59,3 (Mid),5 Exceeds,
SNDZ0766,Chloe,Thompson,2023-02-26,,Active,,Finance,Enterprise,AMER,US,Male,Caucasian,41,4 (Sr),2 Below Meets,2024-12-11
SNDZ0767,David,Miller,2019-08-11,,Active,,Sales,Enterprise,EMEA,Germany,Female,Hispanic,46,3 (Mid),3 Meets,
SNDZ0768,James,Taylor,2022-11-14,,Active,,Sales,Consumer,EMEA,Germany,Female,Black,47,5 (Dir),3 Meets,2024-09-21
SNDZ0769,Liam,Nguyen,2020-03-30,,Active,,Sales,Talent,EMEA,Germany,Female,Asian,44,5 (Dir),4 Exceeds,2023-07-29
SNDZ0770,Thomas,Patel,2013-05-31,,Active,,Sales,Enterprise,AMER,Brazil,Female,Hispanic,45,5 (Dir),4 Exceeds,2015-02-08
SNDZ0771,Sophia,Patel,2016-08-19,,Active,,R&D,Consumer,AMER,US,Female,Black,35,2 (Mid),4 Exceeds,2024-03-31
SNDZ0772,Alexander,Nguyen,2014-11-26,,Active,,Sales,Consumer,AMER,US,Female,Asian,62,1 (Jr),2 Below Meets,2022-07-24
SNDZ0773,Benjamin,Brown,2015-03-25,,Active,,Engineering,Talent,AMER,US,Female,Black,46,1 (Jr),5 Exceeds,2019-07-06
SNDZ0774,Lucas,Taylor,2018-12-12,,Active,,Engineering,Consumer,APAC,China,Female,Asian,65,4 (Sr),4 Exceeds,
SNDZ0775,Julia,Morgan,2021-11-30,,Active,,R&D,Product,EMEA,Germany,Female,Hispanic,40,2 (Mid),4 Exceeds,2024-09-04
SNDZ0776,Ethan,Lewis,2021-07-26,2021-12-28,Separated,Voluntary,Engineering,Enterprise,AMER,Brazil,Female,Asian,30,1 (Jr),3 Meets,
SNDZ0777,Julia,Khan,2015-10-07,,Active,,Finance,Enterprise,AMER,US,Female,Asian,37,3 (Mid),5 Exceeds,
SNDZ0778,Omar,Garcia,2021-11-07,,Active,,Engineering,Product,APAC,China,Male,Black,39,7 (Admin),4 Exceeds,
SNDZ0779,Rachel,Patel,2016-05-04,,Active,,Engineering,Enterprise,AMER,US,Male,Black,35,2 (Mid),4 Exceeds,2023-12-10
SNDZ0780,Maya,Walker,2018-10-08,,Active,,HR,Audit,AMER,US,Male,Hispanic,41,5 (Dir),3 Meets,2025-02-28
SNDZ0781,Julia,Shah,2013-06-10,,Active,,Engineering,Product,AMER,Brazil,Male,Asian,32,4 (Sr),5 Exceeds,2017-07-12
SNDZ0782,Aisha,Walker,2016-03-03,,Active,,Engineering,Audit,AMER,US,Male,Asian,33,2 (Mid),2 Below Meets,
SNDZ0783,Thomas,Hoffman,2020-09-14,2024-09-11,Separated,Voluntary,HR,Consumer,AMER,US,Female,Asian,52,3 (Mid),4 Exceeds,2024-05-24
SNDZ0784,Henry,Shah,2014-07-03,,Active,,HR,Audit,AMER,US,Female,Asian,58,1 (Jr),3 Meets,
SNDZ0785,Liam,Kim,2019-10-12,2021-02-22,Separated,Voluntary,Engineering,Product,AMER,US,Male,Asian,46,2 (Mid),3 Meets,2022-01-23
SNDZ0786,Emma,Harris,2019-02-10,,Active,,Sales,Consumer,AMER,US,Female,Asian,48,1 (Jr),1 Below Meets,
SNDZ0787,Ravi,Bennett,2014-12-14,,Active,,R&D,Enterprise,EMEA,UK,Female,Asian,61,2 (Mid),3 Meets,2018-11-22
SNDZ0788,Ethan,Khan,2018-02-22,,Active,,Sales,Product,AMER,US,Female,Caucasian,34,2 (Mid),1 Below Meets,2020-08-31
SNDZ0789,Hannah,Johnson,2023-09-18,,Active,,Sales,Enterprise,AMER,Brazil,Male,Caucasian,42,4 (Sr),3 Meets,2025-06-14
SNDZ0790,Jonas,Brown,2020-03-08,,Active,,Finance,Enterprise,APAC,India,Female,Black,41,4 (Sr),2 Below Meets,2023-08-02
SNDZ0791,Jonas,Davis,2015-06-16,,Active,,Sales,Consumer,EMEA,UK,Male,Black,22,3 (Mid),3 Meets,2017-02-11
SNDZ0792,Ravi,Bennett,2013-07-24,,Active,,Finance,Consumer,AMER,US,Female,Asian,47,1 (Jr),2 Below Meets,2016-05-15
SNDZ0793,Thomas,Roberts,2020-10-01,,Active,,Sales,Enterprise,APAC,India,Female,Hispanic,28,6 (VP),4 Exceeds,
SNDZ0794,Elena,Roberts,2014-02-05,,Active,,R&D,Enterprise,AMER,US,Male,Hispanic,44,2 (Mid),4 Exceeds,2025-03-15
SNDZ0795,Jonas,Wang,2023-09-09,,Active,,Engineering,Consumer,AMER,US,Male,Hispanic,65,3 (Mid),2 Below Meets,2025-07-01
SNDZ0796,Priya,Thompson,2020-01-15,,Active,,Engineering,Product,AMER,Brazil,Male,Hispanic,45,4 (Sr),3 Meets,2022-07-06
SNDZ0797,Ryan,Patel,2020-01-05,,Active,,Finance,Enterprise,APAC,China,Male,Asian,33,4 (Sr),4 Exceeds,
SNDZ0798,Amelia,Zhang,2015-03-18,2025-12-21,Separated,Voluntary,Engineering,Talent,AMER,US,Female,Caucasian,44,3 (Mid),4 Exceeds,2025-01-21
SNDZ0799,Julia,Taylor,2022-10-04,,Active,,Engineering,Consumer,APAC,China,Male,Caucasian,34,1 (Jr),4 Exceeds,
SNDZ0800,Camila,Roberts,2013-01-20,2014-09-02,Separated,Voluntary,HR,Product,AMER,US,Male,Caucasian,36,2 (Mid),3 Meets,2014-09-28
SNDZ0801,Aarav,Bennett,2021-10-10,,Active,,R&D,Talent,AMER,US,Female,Caucasian,50,5 (Dir),3 Meets,
SNDZ0802,Elena,Chen,2013-12-02,2016-11-29,Separated,Voluntary,Engineering,Consumer,AMER,US,Female,Black,35,1 (Jr),3 Meets,2015-02-21
SNDZ0803,James,Miller,2020-04-20,,Active,,Engineering,Enterprise,EMEA,Germany,Female,Asian,39,3 (Mid),5 Exceeds,2024-02-18
SNDZ0804,Liam,Clark,2022-02-17,,Active,,Engineering,Product,AMER,US,Female,Asian,50,1 (Jr),3 Meets,2025-04-23
SNDZ0805,Arjun,Gupta,2014-10-28,,Active,,Sales,Consumer,EMEA,Germany,Female,Asian,49,4 (Sr),4 Exceeds,
SNDZ0806,Lucas,Wilson,2021-07-10,,Active,,Sales,Enterprise,EMEA,UK,Female,Asian,48,3 (Mid),3 Meets,
SNDZ0807,Elena,Morgan,2019-01-20,,Active,,Engineering,Audit,AMER,US,Female,Black,40,3 (Mid),4 Exceeds,2022-03-25
SNDZ0808,Arjun,Johnson,2017-03-11,,Active,,Sales,Audit,AMER,US,Female,Asian,32,2 (Mid),5 Exceeds,2020-06-27
SNDZ0809,Sophia,Thomas,2018-03-22,,Active,,Finance,Talent,AMER,US,Female,Caucasian,55,2 (Mid),2 Below Meets,
SNDZ0810,Vikram,Thomas,2014-10-15,,Active,,Sales,Consumer,EMEA,Germany,Male,Hispanic,39,1 (Jr),5 Exceeds,2024-01-01
SNDZ0811,Maya,Chen,2013-07-05,,Active,,Finance,Audit,AMER,US,Male,Asian,52,4 (Sr),4 Exceeds,2023-01-10
SNDZ0812,Olivia,Thompson,2019-09-05,,Active,,Sales,Product,AMER,US,Male,Asian,47,2 (Mid),5 Exceeds,
SNDZ0813,Nadia,Williams,2018-05-14,,Active,,Sales,Enterprise,AMER,US,Female,Caucasian,43,4 (Sr),4 Exceeds,
SNDZ0814,Daniel,Walker,2018-11-04,,Active,,Sales,Product,EMEA,Germany,Female,Asian,42,2 (Mid),2 Below Meets,2020-12-15
SNDZ0815,Jasmine,Lewis,2015-01-11,,Active,,Engineering,Enterprise,AMER,US,Female,Asian,33,2 (Mid),3 Meets,
SNDZ0816,William,Morgan,2021-01-12,,Active,,Engineering,Product,AMER,US,Male,Caucasian,52,3 (Mid),4 Exceeds,
SNDZ0817,Jasmine,Anderson,2018-12-22,,Active,,Engineering,Consumer,EMEA,UK,Male,Caucasian,48,1 (Jr),3 Meets,2020-04-10
SNDZ0818,Vikram,Harris,2023-04-14,2024-03-08,Separated,Voluntary,Engineering,Product,EMEA,Germany,Male,Hispanic,32,2 (Mid),3 Meets,
SNDZ0819,Benjamin,Morgan,2023-05-01,,Active,,HR,Consumer,AMER,US,Female,Caucasian,45,5 (Dir),4 Exceeds,2024-06-09
SNDZ0820,Jonas,Thompson,2016-03-02,,Active,,Engineering,Product,EMEA,Germany,Female,Asian,45,2 (Mid),3 Meets,2022-11-07
SNDZ0821,Benjamin,Bennett,2020-08-02,,Active,,Engineering,Enterprise,AMER,US,Male,Asian,23,5 (Dir),3 Meets,2023-09-26
SNDZ0822,Omar,Garcia,2022-12-20,,Active,,R&D,Enterprise,AMER,US,Female,Black,38,3 (Mid),1 Below Meets,
SNDZ0823,Hannah,Schmidt,2021-05-12,2021-07-28,Separated,Voluntary,R&D,Consumer,AMER,US,Female,Caucasian,52,5 (Dir),3 Meets,2024-04-09
SNDZ0824,Amelia,Wang,2015-02-03,,Active,,Sales,Consumer,EMEA,Germany,Female,Asian,37,2 (Mid),4 Exceeds,2023-03-17
SNDZ0825,Sofia,Thompson,2020-09-03,,Active,,Engineering,Audit,EMEA,UK,Male,Asian,32,2 (Mid),3 Meets,
SNDZ0826,Aisha,Lewis,2016-09-04,,Active,,Finance,Consumer,EMEA,UK,Female,Asian,39,1 (Jr),3 Meets,2018-06-14
SNDZ0827,Elena,Johnson,2022-11-11,,Active,,Finance,Audit,APAC,India,Male,Asian,62,5 (Dir),3 Meets,
SNDZ0828,Liam,Thomas,2017-05-24,,Active,,Finance,Enterprise,AMER,US,Male,Asian,41,2 (Mid),3 Meets,2020-05-23
SNDZ0829,William,Smith,2021-12-22,,Active,,HR,Product,EMEA,Germany,Male,Asian,46,4 (Sr),1 Below Meets,
SNDZ0830,William,Chen,2013-02-24,,Active,,Finance,Talent,AMER,Brazil,Female,Caucasian,43,2 (Mid),5 Exceeds,
SNDZ0831,Sophia,Bennett,2020-09-03,,Active,,R&D,Product,AMER,US,Male,Hispanic,36,1 (Jr),4 Exceeds,2024-08-09
SNDZ0832,Omar,Kim,2016-12-01,,Active,,HR,Talent,AMER,US,Male,Asian,44,3 (Mid),5 Exceeds,
SNDZ0833,William,Lewis,2019-11-07,,Active,,Sales,Talent,AMER,US,Male,Hispanic,39,3 (Mid),4 Exceeds,2024-06-18
SNDZ0834,Hannah,Walker,2018-08-24,,Active,,Engineering,Enterprise,AMER,Brazil,Female,Asian,29,4 (Sr),3 Meets,2022-07-20
SNDZ0835,Vikram,Patel,2019-03-21,,Active,,Engineering,Consumer,AMER,US,Female,Asian,27,4 (Sr),2 Below Meets,2021-02-05
SNDZ0836,Jasmine,Walker,2020-06-14,,Active,,Engineering,Consumer,AMER,US,Male,Asian,47,3 (Mid),3 Meets,2022-08-06
SNDZ0837,Hannah,Harris,2022-06-18,,Active,,R&D,Talent,APAC,China,Female,Black,39,4 (Sr),4 Exceeds,2024-04-22
SNDZ0838,Benjamin,Nguyen,2016-05-24,,Active,,Engineering,Enterprise,AMER,US,Female,Caucasian,47,3 (Mid),3 Meets,2017-12-12
SNDZ0839,Omar,Wang,2018-08-25,,Active,,Engineering,Consumer,EMEA,UK,Male,Asian,55,1 (Jr),4 Exceeds,
SNDZ0840,Olivia,Shah,2019-06-27,2025-06-21,Separated,Voluntary,Engineering,Consumer,AMER,US,Male,Caucasian,39,2 (Mid),3 Meets,2021-06-15
SNDZ0841,Sophia,Wilson,2015-05-29,,Active,,Engineering,Audit,EMEA,Germany,Male,Caucasian,45,1 (Jr),4 Exceeds,2018-04-02
SNDZ0842,Lucas,Kim,2013-11-14,,Active,,Sales,Product,AMER,US,Female,Caucasian,38,6 (VP),3 Meets,2019-12-21
SNDZ0843,James,Anderson,2021-09-05,,Active,,R&D,Product,EMEA,Germany,Male,Asian,35,1 (Jr),2 Below Meets,
SNDZ0844,Michael,Roberts,2018-10-04,,Active,,HR,Consumer,AMER,US,Female,Hispanic,45,1 (Jr),2 Below Meets,2022-08-05
SNDZ0845,Henry,Walker,2022-07-12,,Active,,R&D,Consumer,AMER,US,Female,Black,47,2 (Mid),4 Exceeds,
SNDZ0846,Maya,Nguyen,2022-02-05,,Active,,Engineering,Consumer,APAC,India,Male,Caucasian,39,3 (Mid),4 Exceeds,2024-09-05
SNDZ0847,Aisha,Thompson,2021-07-20,,Active,,Sales,Product,AMER,US,Female,Black,48,1 (Jr),2 Below Meets,2023-07-23
SNDZ0848,Michael,Thompson,2013-10-12,,Active,,R&D,Consumer,APAC,China,Female,Asian,33,5 (Dir),4 Exceeds,
SNDZ0849,Jonas,Garcia,2017-11-05,,Active,,Engineering,Enterprise,AMER,Brazil,Female,Asian,51,4 (Sr),3 Meets,2022-10-29
SNDZ0850,Daniel,Zhang,2023-04-01,,Active,,R&D,Product,EMEA,UK,Female,Black,24,1 (Jr),3 Meets,2024-06-27
SNDZ0851,Michael,Morgan,2022-12-27,,Active,,R&D,Enterprise,AMER,US,Female,Asian,43,3 (Mid),1 Below Meets,2025-05-20
SNDZ0852,Noah,Hoffman,2019-12-07,,Active,,Sales,Consumer,AMER,US,Male,Caucasian,49,3 (Mid),3 Meets,
SNDZ0853,Jonas,Hoffman,2020-01-15,,Active,,Engineering,Consumer,AMER,Brazil,Female,Asian,65,3 (Mid),3 Meets,
SNDZ0854,Jasmine,Johnson,2021-06-17,,Active,,Sales,Consumer,EMEA,UK,Male,Black,36,2 (Mid),4 Exceeds,2023-12-31
SNDZ0855,Ryan,Morgan,2022-05-29,,Active,,R&D,Enterprise,APAC,India,Female,Hispanic,45,4 (Sr),1 Below Meets,2023-06-02
SNDZ0856,Benjamin,Brown,2022-12-09,,Active,,Engineering,Product,AMER,US,Female,Black,53,3 (Mid),2 Below Meets,2024-02-19
SNDZ0857,Ravi,Roberts,2015-03-04,,Active,,HR,Product,AMER,US,Female,Black,54,3 (Mid),4 Exceeds,
SNDZ0858,Camila,Williams,2015-10-12,,Active,,Sales,Enterprise,AMER,US,Female,Asian,34,5 (Dir),4 Exceeds,
SNDZ0859,Fatima,Johnson,2022-07-09,,Active,,Engineering,Enterprise,AMER,US,Female,Hispanic,36,5 (Dir),3 Meets,2024-05-04
SNDZ0860,Arjun,Harris,2021-12-10,2022-01-19,Separated,Voluntary,R&D,Audit,AMER,US,Female,Caucasian,55,2 (Mid),4 Exceeds,2024-10-10
SNDZ0861,Kabir,Taylor,2022-09-10,,Active,,Sales,Enterprise,AMER,US,Female,Hispanic,23,2 (Mid),2 Below Meets,2024-07-06
SNDZ0862,Michael,Zhang,2016-07-07,,Active,,Engineering,Enterprise,APAC,China,Male,Hispanic,39,1 (Jr),4 Exceeds,
SNDZ0863,Arjun,Harris,2018-08-12,2023-10-21,Separated,Voluntary,HR,Talent,AMER,US,Male,Hispanic,47,1 (Jr),3 Meets,
SNDZ0864,Michael,Thomas,2020-11-11,,Active,,Engineering,Talent,APAC,China,Male,Black,32,1 (Jr),3 Meets,2023-02-25
SNDZ0865,Rachel,Anderson,2022-06-15,,Active,,R&D,Product,AMER,US,Female,Black,45,2 (Mid),4 Exceeds,2024-11-07
SNDZ0866,Emma,Thompson,2019-03-03,,Active,,R&D,Product,AMER,US,Female,Asian,54,1 (Jr),4 Exceeds,
SNDZ0867,Jonas,Williams,2013-09-27,,Active,,Engineering,Talent,AMER,US,Female,Asian,36,3 (Mid),1 Below Meets,
SNDZ0868,Rachel,Shah,2019-09-20,,Active,,Sales,Product,AMER,Brazil,Male,Hispanic,47,7 (Admin),3 Meets,
SNDZ0869,Priya,Williams,2014-08-15,,Active,,Sales,Enterprise,AMER,US,Female,Asian,52,5 (Dir),3 Meets,2017-12-16
SNDZ0870,Ryan,Morgan,2014-09-18,,Active,,HR,Consumer,AMER,US,Female,Hispanic,38,2 (Mid),3 Meets,
SNDZ0871,Chloe,Roberts,2018-07-16,,Active,,Sales,Enterprise,APAC,China,Female,Caucasian,55,3 (Mid),4 Exceeds,2019-09-13
SNDZ0872,Ravi,Hoffman,2022-06-02,,Active,,HR,Consumer,EMEA,Germany,Male,Asian,44,1 (Jr),5 Exceeds,2023-12-17
SNDZ0873,Maya,Lewis,2016-12-14,,Active,,HR,Talent,AMER,US,Female,Asian,43,2 (Mid),4 Exceeds,2019-04-29
SNDZ0874,Omar,Gupta,2023-09-15,,Active,,Engineering,Audit,AMER,US,Female,Caucasian,38,4 (Sr),3 Meets,
SNDZ0875,Hannah,Chen,2015-02-21,,Active,,Sales,Talent,AMER,US,Female,Asian,24,1 (Jr),2 Below Meets,2018-11-15
SNDZ0876,Hannah,Schmidt,2013-04-17,,Active,,Finance,Talent,AMER,US,Male,Caucasian,35,6 (VP),3 Meets,
SNDZ0877,Grace,Kim,2019-08-29,,Active,,R&D,Product,AMER,US,Female,Hispanic,59,1 (Jr),4 Exceeds,2023-03-03
SNDZ0878,Maya,Wilson,2021-06-27,,Active,,Engineering,Product,EMEA,Germany,Male,Caucasian,29,4 (Sr),2 Below Meets,2025-01-12
SNDZ0879,Ethan,Harris,2019-02-28,,Active,,HR,Consumer,AMER,US,Female,Black,56,2 (Mid),2 Below Meets,
SNDZ0880,Grace,Anderson,2022-12-20,,Active,,Engineering,Consumer,AMER,US,Female,Caucasian,50,3 (Mid),2 Below Meets,
SNDZ0881,Sophia,Shah,2021-10-28,,Active,,Engineering,Product,AMER,US,Male,Asian,65,3 (Mid),4 Exceeds,
SNDZ0882,Aisha,Roberts,2022-02-14,,Active,,R&D,Consumer,EMEA,UK,Female,Asian,62,3 (Mid),3 Meets,
SNDZ0883,Isabella,Walker,2020-03-15,,Active,,HR,Product,AMER,US,Female,Hispanic,49,5 (Dir),4 Exceeds,2022-07-30
SNDZ0884,Chloe,Clark,2021-03-07,,Active,,Engineering,Audit,AMER,US,Male,Hispanic,29,3 (Mid),3 Meets,
SNDZ0885,Arjun,Wang,2023-06-24,,Active,,Sales,Consumer,EMEA,UK,Male,Hispanic,40,3 (Mid),4 Exceeds,
SNDZ0886,Ryan,Nguyen,2013-07-28,,Active,,R&D,Talent,AMER,US,Male,Hispanic,57,6 (VP),3 Meets,2015-01-21
SNDZ0887,Rachel,Johnson,2016-09-24,,Active,,Engineering,Talent,APAC,China,Female,Caucasian,40,2 (Mid),3 Meets,2021-12-10
SNDZ0888,Julia,Schmidt,2018-02-02,,Active,,Finance,Product,EMEA,Germany,Male,Asian,37,3 (Mid),3 Meets,2024-01-20
SNDZ0889,Omar,Smith,2022-11-03,,Active,,Engineering,Talent,EMEA,UK,Female,Caucasian,40,2 (Mid),3 Meets,2024-10-27
SNDZ0890,Chloe,Khan,2014-09-25,,Active,,Finance,Consumer,AMER,US,Female,Caucasian,52,1 (Jr),3 Meets,2017-07-11
SNDZ0891,Alexander,Roberts,2019-01-03,,Active,,Sales,Consumer,AMER,US,Female,Hispanic,53,2 (Mid),4 Exceeds,2023-05-06
SNDZ0892,Aisha,Walker,2021-10-25,,Active,,Sales,Enterprise,AMER,US,Female,Hispanic,43,2 (Mid),3 Meets,2023-06-30
SNDZ0893,Jonas,Morgan,2020-10-29,,Active,,Sales,Enterprise,AMER,US,Male,Asian,47,3 (Mid),3 Meets,
SNDZ0894,Ryan,Thompson,2022-04-02,,Active,,Finance,Consumer,AMER,US,Female,Asian,30,1 (Jr),1 Below Meets,2025-01-31
SNDZ0895,Aarav,Shah,2018-01-16,,Active,,Engineering,Product,APAC,China,Male,Black,45,3 (Mid),4 Exceeds,
SNDZ0896,Ravi,Gupta,2018-10-12,,Active,,Engineering,Product,AMER,US,Female,Caucasian,39,2 (Mid),4 Exceeds,
SNDZ0897,Kabir,Clark,2013-12-17,,Active,,Engineering,Consumer,AMER,US,Male,Asian,44,2 (Mid),2 Below Meets,
SNDZ0898,Henry,Williams,2021-02-19,2021-05-24,Separated,Voluntary,Sales,Product,APAC,India,Male,Caucasian,53,4 (Sr),4 Exceeds,2025-05-08
SNDZ0899,Isabella,Thomas,2015-12-06,,Active,,Engineering,Consumer,APAC,China,Female,Black,22,1 (Jr),3 Meets,2022-04-05
SNDZ0900,Camila,Brown,2023-02-26,,Active,,Engineering,Consumer,AMER,US,Female,Caucasian,58,4 (Sr),4 Exceeds,2024-03-03
SNDZ0901,Olivia,Kim,2020-04-22,,Active,,HR,Audit,AMER,US,Female,Caucasian,46,1 (Jr),3 Meets,2022-06-24
SNDZ0902,Elena,Khan,2018-06-22,,Active,,HR,Product,AMER,US,Male,Asian,44,6 (VP),3 Meets,2024-01-22
SNDZ0903,Lucas,Roberts,2021-01-02,,Active,,Sales,Audit,AMER,US,Male,Caucasian,30,3 (Mid),3 Meets,2024-04-12
SNDZ0904,James,Thompson,2019-06-06,,Active,,Sales,Talent,AMER,US,Female,Asian,55,1 (Jr),2 Below Meets,2023-09-24
SNDZ0905,William,Kumar,2019-12-17,,Active,,Sales,Audit,AMER,US,Female,Hispanic,40,5 (Dir),5 Exceeds,
SNDZ0906,Hannah,Nguyen,2023-06-15,,Active,,Engineering,Audit,AMER,US,Female,Asian,36,2 (Mid),3 Meets,2024-11-22
SNDZ0907,Olivia,Walker,2021-11-11,,Active,,Engineering,Enterprise,AMER,US,Male,Black,55,1 (Jr),3 Meets,
SNDZ0908,Omar,Harris,2018-11-04,,Active,,Sales,Consumer,AMER,US,Female,Asian,32,4 (Sr),4 Exceeds,
SNDZ0909,Thomas,Lee,2018-08-17,,Active,,Sales,Product,APAC,China,Female,Caucasian,58,4 (Sr),4 Exceeds,
SNDZ0910,Isabella,Hoffman,2015-10-01,,Active,,Sales,Enterprise,AMER,US,Female,Caucasian,43,3 (Mid),1 Below Meets,2019-11-28
SNDZ0911,Noah,Brown,2018-12-01,,Active,,Sales,Enterprise,AMER,US,Female,Caucasian,44,2 (Mid),4 Exceeds,2020-08-03
SNDZ0912,Benjamin,Davis,2020-10-30,,Active,,R&D,Product,EMEA,UK,Female,Caucasian,58,1 (Jr),1 Below Meets,2023-02-19
SNDZ0913,Amelia,Thompson,2017-11-15,,Active,,Sales,Consumer,AMER,US,Female,Black,51,4 (Sr),3 Meets,
SNDZ0914,Olivia,Roberts,2022-01-20,,Active,,Engineering,Consumer,AMER,US,Female,Asian,47,6 (VP),4 Exceeds,2023-03-27
SNDZ0915,Benjamin,Kumar,2021-07-25,,Active,,R&D,Product,APAC,China,Male,Asian,24,4 (Sr),4 Exceeds,2023-01-03
SNDZ0916,Grace,Thomas,2020-03-14,,Active,,Finance,Consumer,AMER,US,Male,Caucasian,37,2 (Mid),4 Exceeds,2021-03-23
SNDZ0917,Sofia,Schmidt,2019-06-27,,Active,,Sales,Consumer,AMER,US,Male,Hispanic,39,4 (Sr),1 Below Meets,
SNDZ0918,Chloe,Brown,2014-10-14,,Active,,Sales,Audit,APAC,China,Male,Hispanic,52,7 (Admin),3 Meets,2020-11-11
SNDZ0919,Jasmine,Lewis,2015-12-24,,Active,,R&D,Product,AMER,US,Female,Asian,50,2 (Mid),3 Meets,
SNDZ0920,Aisha,Anderson,2020-01-16,,Active,,Engineering,Consumer,AMER,US,Female,Caucasian,46,2 (Mid),4 Exceeds,2024-01-08
SNDZ0921,Olivia,Johnson,2016-10-25,,Active,,Finance,Consumer,AMER,US,Female,Asian,41,5 (Dir),2 Below Meets,2023-02-14
SNDZ0922,Michael,Lewis,2014-09-27,,Active,,Sales,Product,EMEA,Germany,Female,Asian,41,3 (Mid),4 Exceeds,2024-09-03
SNDZ0923,James,Anderson,2017-10-03,,Active,,HR,Enterprise,AMER,US,Male,Black,40,3 (Mid),5 Exceeds,2019-01-07
SNDZ0924,Ethan,Khan,2021-08-26,,Active,,HR,Enterprise,AMER,US,Female,Hispanic,33,4 (Sr),4 Exceeds,2025-04-16
SNDZ0925,Lucas,Kim,2019-06-01,,Active,,Sales,Audit,AMER,US,Female,Hispanic,42,4 (Sr),4 Exceeds,
SNDZ0926,Rachel,Clark,2020-01-04,,Active,,Engineering,Consumer,APAC,China,Female,Caucasian,51,5 (Dir),4 Exceeds,
SNDZ0927,Elena,Harris,2015-08-21,,Active,,Finance,Product,AMER,US,Female,Asian,52,1 (Jr),4 Exceeds,
SNDZ0928,Chloe,Smith,2021-11-16,,Active,,R&D,Audit,AMER,Brazil,Male,Asian,42,2 (Mid),3 Meets,
SNDZ0929,Aarav,Nguyen,2018-07-17,,Active,,Engineering,Consumer,APAC,India,Female,Caucasian,53,5 (Dir),3 Meets,2025-05-17
SNDZ0930,Sophia,Walker,2018-02-03,,Active,,Sales,Enterprise,AMER,US,Male,Asian,51,7 (Admin),2 Below Meets,2024-01-11
SNDZ0931,Kabir,Clark,2013-03-08,,Active,,Finance,Product,AMER,US,Female,Caucasian,55,2 (Mid),1 Below Meets,
SNDZ0932,Aisha,Bennett,2023-03-26,,Active,,Engineering,Product,APAC,China,Female,Black,44,1 (Jr),3 Meets,2024-05-29
SNDZ0933,Hannah,Schmidt,2014-08-09,,Active,,Engineering,Consumer,AMER,Brazil,Male,Asian,31,3 (Mid),3 Meets,
SNDZ0934,Thomas,Walker,2014-03-03,,Active,,R&D,Audit,AMER,US,Male,Black,29,5 (Dir),3 Meets,
SNDZ0935,Grace,Brown,2013-02-05,,Active,,Finance,Consumer,AMER,US,Male,Caucasian,28,1 (Jr),1 Below Meets,2016-11-01
SNDZ0936,Camila,Lewis,2019-10-16,,Active,,Finance,Enterprise,AMER,US,Male,Black,39,1 (Jr),4 Exceeds,2021-11-13
SNDZ0937,Jasmine,Schmidt,2020-01-27,,Active,,Engineering,Enterprise,AMER,US,Male,Asian,45,3 (Mid),4 Exceeds,2024-05-22
SNDZ0938,Julia,Schmidt,2019-05-08,,Active,,R&D,Consumer,AMER,US,Female,Caucasian,36,1 (Jr),3 Meets,
SNDZ0939,Priya,Gupta,2022-12-06,,Active,,R&D,Consumer,AMER,US,Male,Asian,26,4 (Sr),4 Exceeds,2024-09-01
SNDZ0940,Benjamin,Gupta,2020-01-26,,Active,,R&D,Consumer,AMER,US,Female,Black,37,3 (Mid),3 Meets,
SNDZ0941,Hannah,Davis,2021-09-08,,Active,,R&D,Talent,AMER,US,Female,Asian,44,2 (Mid),3 Meets,
SNDZ0942,Jonas,Garcia,2021-08-06,,Active,,HR,Audit,AMER,US,Female,Black,56,4 (Sr),1 Below Meets,2025-01-04
SNDZ0943,Hannah,Kim,2016-06-30,,Active,,R&D,Product,AMER,US,Female,Asian,45,2 (Mid),2 Below Meets,2020-03-25
SNDZ0944,Daniel,Kim,2023-05-25,,Active,,Engineering,Enterprise,EMEA,Germany,Male,Black,55,6 (VP),3 Meets,2025-06-09
SNDZ0945,Nadia,Khan,2018-07-18,,Active,,R&D,Audit,AMER,US,Male,Asian,52,3 (Mid),3 Meets,
SNDZ0946,William,Patel,2023-07-25,,Active,,Sales,Product,EMEA,UK,Female,Hispanic,44,6 (VP),2 Below Meets,2024-08-03
SNDZ0947,Julia,Davis,2022-06-15,,Active,,Sales,Talent,AMER,Brazil,Female,Caucasian,53,3 (Mid),5 Exceeds,
SNDZ0948,Aarav,Kumar,2015-09-21,,Active,,Sales,Enterprise,AMER,US,Female,Asian,47,4 (Sr),3 Meets,2018-07-30
SNDZ0949,Thomas,Anderson,2020-04-25,2024-06-07,Separated,Voluntary,Engineering,Enterprise,AMER,US,Male,Caucasian,40,2 (Mid),3 Meets,2024-03-16
SNDZ0950,Ethan,Khan,2021-09-11,,Active,,Engineering,Consumer,AMER,US,Male,Hispanic,50,4 (Sr),5 Exceeds,2023-07-03
SNDZ0951,Fatima,Chen,2015-09-10,,Active,,R&D,Enterprise,AMER,US,Male,Hispanic,22,3 (Mid),2 Below Meets,2025-05-29
SNDZ0952,Sofia,Kim,2022-11-13,,Active,,Engineering,Product,EMEA,UK,Female,Caucasian,49,4 (Sr),3 Meets,
SNDZ0953,Kabir,Walker,2020-03-18,,Active,,Engineering,Consumer,EMEA,UK,Male,Asian,30,3 (Mid),3 Meets,2022-04-15
SNDZ0954,Alexander,Miller,2020-08-13,,Active,,Sales,Talent,APAC,India,Male,Caucasian,48,2 (Mid),2 Below Meets,2022-10-16
SNDZ0955,Grace,Wilson,2013-07-11,,Active,,Sales,Audit,EMEA,UK,Female,Caucasian,48,5 (Dir),3 Meets,2015-01-24
SNDZ0956,Aisha,Harris,2018-04-07,,Active,,Sales,Consumer,AMER,US,Female,Hispanic,37,1 (Jr),4 Exceeds,2024-11-17
SNDZ0957,Aisha,Williams,2013-08-11,,Active,,Sales,Product,AMER,US,Female,Black,56,3 (Mid),3 Meets,
SNDZ0958,Elena,Smith,2023-07-15,,Active,,Engineering,Talent,AMER,US,Male,Caucasian,34,2 (Mid),4 Exceeds,
SNDZ0959,Aarav,Garcia,2021-02-04,,Active,,HR,Consumer,AMER,Brazil,Male,Asian,51,6 (VP),4 Exceeds,2025-03-14
SNDZ0960,Sophia,Kim,2023-08-14,,Active,,Finance,Talent,AMER,US,Female,Asian,27,3 (Mid),3 Meets,
SNDZ0961,Noah,Nguyen,2022-04-16,,Active,,R&D,Product,AMER,US,Female,Caucasian,47,4 (Sr),3 Meets,
SNDZ0962,Sophia,Brown,2020-07-10,,Active,,HR,Consumer,APAC,India,Male,Asian,38,5 (Dir),3 Meets,2025-04-08
SNDZ0963,Amelia,Chen,2016-03-11,2024-11-20,Separated,Voluntary,Sales,Consumer,AMER,US,Male,Asian,34,3 (Mid),3 Meets,
SNDZ0964,Jonas,Brown,2023-04-22,,Active,,R&D,Audit,AMER,US,Female,Caucasian,53,2 (Mid),4 Exceeds,2025-03-01
SNDZ0965,Jonas,Thompson,2023-06-24,,Active,,Sales,Audit,APAC,India,Male,Caucasian,46,3 (Mid),3 Meets,2025-05-03
SNDZ0966,Hannah,Morgan,2019-03-10,,Active,,Engineering,Enterprise,AMER,US,Male,Black,52,2 (Mid),3 Meets,2024-09-11
SNDZ0967,Sofia,Schmidt,2021-01-31,,Active,,R&D,Consumer,AMER,US,Female,Asian,37,2 (Mid),2 Below Meets,
SNDZ0968,Chloe,Gupta,2021-12-20,,Active,,Sales,Consumer,APAC,China,Female,Asian,48,1 (Jr),5 Exceeds,2023-01-10
SNDZ0969,Elena,Kim,2016-05-21,2021-09-30,Separated,Voluntary,Sales,Consumer,AMER,US,Male,Black,26,2 (Mid),4 Exceeds,
SNDZ0970,Rachel,Gupta,2016-06-24,,Active,,HR,Consumer,APAC,China,Female,Caucasian,27,3 (Mid),3 Meets,
SNDZ0971,Arjun,Khan,2020-07-21,,Active,,Engineering,Enterprise,AMER,US,Female,Asian,33,3 (Mid),3 Meets,
SNDZ0972,Nadia,Zhang,2016-08-22,,Active,,R&D,Enterprise,AMER,US,Male,Asian,42,4 (Sr),3 Meets,2017-08-25
SNDZ0973,Aarav,Thomas,2022-03-22,,Active,,Sales,Consumer,AMER,US,Female,Asian,38,5 (Dir),3 Meets,2024-08-15
SNDZ0974,Kabir,Nguyen,2014-06-20,,Active,,Engineering,Talent,AMER,US,Female,Black,51,4 (Sr),4 Exceeds,2016-12-30
SNDZ0975,Aisha,Garcia,2015-08-27,,Active,,Engineering,Enterprise,EMEA,Germany,Female,Hispanic,42,3 (Mid),3 Meets,
SNDZ0976,Thomas,Morgan,2014-12-25,,Active,,Sales,Product,AMER,US,Male,Asian,50,3 (Mid),3 Meets,2019-08-15
SNDZ0977,Chloe,Taylor,2020-09-19,,Active,,Sales,Enterprise,AMER,US,Male,Black,42,4 (Sr),2 Below Meets,
SNDZ0978,Ravi,Nguyen,2016-08-30,,Active,,Finance,Enterprise,AMER,US,Male,Black,41,2 (Mid),4 Exceeds,2022-11-08
SNDZ0979,Jasmine,Morgan,2015-06-02,,Active,,Engineering,Consumer,AMER,US,Male,Asian,30,3 (Mid),3 Meets,
SNDZ0980,Vikram,Williams,2018-10-16,,Active,,Engineering,Talent,AMER,US,Male,Asian,47,1 (Jr),5 Exceeds,2020-08-02
SNDZ0981,Noah,Garcia,2018-12-02,,Active,,R&D,Talent,AMER,US,Male,Asian,65,5 (Dir),3 Meets,2020-12-04
SNDZ0982,William,Bennett,2017-04-22,,Active,,Sales,Enterprise,AMER,US,Male,Black,46,2 (Mid),2 Below Meets,2019-01-16
SNDZ0983,Benjamin,Miller,2013-01-05,,Active,,Finance,Enterprise,EMEA,UK,Male,Black,32,1 (Jr),3 Meets,2023-06-23
SNDZ0984,Hannah,Hoffman,2013-10-06,,Active,,Engineering,Consumer,AMER,US,Male,Black,33,6 (VP),1 Below Meets,2016-10-23
SNDZ0985,Julia,Lewis,2022-04-28,,Active,,Finance,Consumer,EMEA,UK,Female,Asian,46,2 (Mid),4 Exceeds,2024-05-14
SNDZ0986,Emma,Hoffman,2014-09-08,,Active,,Sales,Enterprise,AMER,US,Male,Hispanic,50,6 (VP),2 Below Meets,2018-03-06
SNDZ0987,Michael,Harris,2021-02-08,,Active,,Sales,Talent,EMEA,Germany,Female,Asian,62,2 (Mid),4 Exceeds,2025-03-23
SNDZ0988,David,Hoffman,2016-07-05,,Active,,Sales,Enterprise,AMER,US,Male,Black,45,2 (Mid),1 Below Meets,2018-01-22
SNDZ0989,Julia,Lee,2013-03-28,,Active,,Engineering,Consumer,EMEA,UK,Female,Black,34,3 (Mid),1 Below Meets,2025-02-01
SNDZ0990,Rachel,Johnson,2013-01-22,,Active,,R&D,Product,APAC,China,Female,Hispanic,34,5 (Dir),2 Below Meets,
SNDZ0991,Jasmine,Bennett,2020-02-23,,Active,,Sales,Audit,EMEA,Germany,Female,Asian,33,1 (Jr),3 Meets,2022-04-10
SNDZ0992,Isabella,Gupta,2022-08-29,,Active,,Finance,Consumer,AMER,US,Female,Asian,46,1 (Jr),3 Meets,2024-08-08
SNDZ0993,James,Lee,2021-12-05,,Active,,Engineering,Enterprise,AMER,US,Male,Hispanic,46,2 (Mid),1 Below Meets,2024-07-23
SNDZ0994,Vikram,Bennett,2021-10-10,,Active,,R&D,Enterprise,AMER,US,Male,Caucasian,40,4 (Sr),3 Meets,2024-01-24
SNDZ0995,Elena,Roberts,2014-07-03,,Active,,Engineering,Consumer,APAC,China,Female,Asian,23,3 (Mid),3 Meets,2017-03-25
SNDZ0996,Arjun,Williams,2017-11-29,2024-11-08,Separated,Voluntary,Engineering,Product,AMER,US,Female,Caucasian,65,3 (Mid),4 Exceeds,
SNDZ0997,Priya,Hoffman,2016-05-12,,Active,,Sales,Consumer,AMER,US,Male,Asian,54,3 (Mid),3 Meets,2022-01-31
SNDZ0998,Fatima,Chen,2014-11-29,,Active,,Finance,Talent,AMER,US,Male,Hispanic,39,3 (Mid),3 Meets,2018-11-24
SNDZ0999,Lucas,Smith,2016-07-18,,Active,,Engineering,Talent,AMER,US,Female,Asian,40,2 (Mid),3 Meets,2023-04-30
SNDZ1000,Rachel,Shah,2021-06-12,,Active,,Engineering,Product,AMER,US,Male,Black,42,2 (Mid),3 Meets,
SNDZ1001,Olivia,Clark,2022-05-05,,Active,,R&D,Talent,AMER,US,Male,Black,50,1 (Jr),5 Exceeds,2024-06-16
SNDZ1002,Ryan,Wilson,2013-06-06,,Active,,Sales,Talent,AMER,US,Male,Asian,51,6 (VP),3 Meets,2016-06-21
SNDZ1003,Vikram,Wilson,2014-04-06,2021-04-22,Separated,Voluntary,Finance,Talent,AMER,US,Male,Asian,56,3 (Mid),4 Exceeds,
SNDZ1004,Nadia,Patel,2020-02-28,,Active,,Engineering,Talent,AMER,US,Male,Black,33,2 (Mid),2 Below Meets,
SNDZ1005,Vikram,Smith,2016-06-11,,Active,,Sales,Consumer,AMER,Brazil,Male,Asian,34,3 (Mid),1 Below Meets,2018-09-26
SNDZ1006,Ryan,Shah,2015-04-15,,Active,,R&D,Product,APAC,India,Female,Hispanic,30,5 (Dir),4 Exceeds,
SNDZ1007,Fatima,Wilson,2020-03-17,,Active,,Engineering,Product,AMER,US,Male,Hispanic,48,1 (Jr),4 Exceeds,
SNDZ1008,Liam,Lewis,2023-04-17,,Active,,R&D,Enterprise,EMEA,UK,Male,Caucasian,55,2 (Mid),3 Meets,
SNDZ1009,Noah,Chen,2023-07-07,,Active,,R&D,Audit,AMER,US,Male,Asian,43,4 (Sr),5 Exceeds,2024-08-06
SNDZ1010,Omar,Kumar,2018-02-06,,Active,,Sales,Talent,EMEA,Germany,Female,Black,40,6 (VP),3 Meets,2021-03-16
SNDZ1011,Daniel,Davis,2022-03-02,,Active,,Engineering,Product,AMER,US,Female,Caucasian,54,1 (Jr),1 Below Meets,2024-12-14
SNDZ1012,Kabir,Roberts,2020-12-28,,Active,,Engineering,Enterprise,EMEA,UK,Female,Hispanic,43,1 (Jr),3 Meets,2025-03-05
SNDZ1013,Thomas,Walker,2017-11-21,,Active,,Engineering,Product,AMER,US,Female,Black,53,2 (Mid),3 Meets,2025-04-28
SNDZ1014,Elena,Hoffman,2016-10-06,,Active,,Engineering,Product,AMER,US,Male,Asian,62,2 (Mid),3 Meets,
SNDZ1015,Jasmine,Walker,2017-03-01,,Active,,Engineering,Product,AMER,US,Female,Asian,39,3 (Mid),5 Exceeds,
SNDZ1016,Omar,Taylor,2019-08-17,,Active,,R&D,Talent,AMER,US,Male,Asian,28,5 (Dir),5 Exceeds,2020-09-04
SNDZ1017,Benjamin,Kumar,2014-12-26,,Active,,Sales,Talent,APAC,India,Female,Asian,29,4 (Sr),5 Exceeds,2024-02-17
SNDZ1018,Arjun,Lewis,2021-12-19,,Active,,Engineering,Enterprise,APAC,China,Female,Caucasian,41,4 (Sr),2 Below Meets,
SNDZ1019,Ryan,Chen,2023-01-02,,Active,,Sales,Audit,AMER,US,Male,Black,40,1 (Jr),4 Exceeds,2025-07-02
SNDZ1020,James,Walker,2014-08-25,,Active,,R&D,Product,AMER,Brazil,Female,Hispanic,46,3 (Mid),3 Meets,2017-11-13
SNDZ1021,Isabella,Thomas,2020-05-17,,Active,,R&D,Consumer,APAC,China,Male,Asian,23,4 (Sr),1 Below Meets,2023-08-13
SNDZ1022,Ravi,Anderson,2013-02-27,,Active,,R&D,Product,AMER,US,Female,Black,39,1 (Jr),4 Exceeds,2023-05-21
SNDZ1023,Camila,Smith,2019-03-18,,Active,,Engineering,Product,AMER,US,Male,Black,38,5 (Dir),3 Meets,
SNDZ1024,William,Zhang,2018-01-18,,Active,,Sales,Product,AMER,Brazil,Female,Black,53,6 (VP),5 Exceeds,
SNDZ1025,Fatima,Kumar,2016-02-22,,Active,,Finance,Audit,AMER,US,Female,Caucasian,38,4 (Sr),1 Below Meets,
SNDZ1026,Nadia,Williams,2015-12-28,,Active,,Finance,Consumer,AMER,US,Male,Black,54,4 (Sr),3 Meets,
SNDZ1027,Camila,Lewis,2019-11-06,2021-03-10,Separated,Voluntary,Engineering,Enterprise,AMER,US,Female,Caucasian,65,3 (Mid),3 Meets,2025-01-02
SNDZ1028,Chloe,Harris,2017-02-17,,Active,,Finance,Product,AMER,US,Female,Hispanic,41,3 (Mid),4 Exceeds,
SNDZ1029,Alexander,Wilson,2018-04-02,,Active,,Sales,Consumer,EMEA,Germany,Female,Caucasian,37,6 (VP),4 Exceeds,2021-10-30
SNDZ1030,Kabir,Roberts,2020-07-06,,Active,,Engineering,Audit,EMEA,Germany,Male,Asian,43,5 (Dir),2 Below Meets,
SNDZ1031,Emma,Smith,2022-10-11,,Active,,R&D,Audit,AMER,US,Male,Caucasian,50,2 (Mid),4 Exceeds,2024-03-04
SNDZ1032,Aisha,Gupta,2021-01-08,,Active,,Sales,Talent,AMER,US,Female,Hispanic,28,3 (Mid),5 Exceeds,2022-10-14
SNDZ1033,Daniel,Smith,2020-10-04,,Active,,Sales,Enterprise,EMEA,UK,Female,Black,25,3 (Mid),3 Meets,2023-01-12
SNDZ1034,Henry,Harris,2016-05-21,,Active,,Sales,Talent,AMER,US,Male,Asian,22,3 (Mid),2 Below Meets,2021-02-07
SNDZ1035,James,Morgan,2022-12-20,,Active,,HR,Talent,AMER,US,Female,Asian,57,3 (Mid),3 Meets,2024-07-11
SNDZ1036,Camila,Chen,2017-03-17,,Active,,HR,Enterprise,AMER,US,Female,Black,35,1 (Jr),2 Below Meets,
SNDZ1037,James,Zhang,2023-06-21,,Active,,HR,Consumer,EMEA,UK,Male,Caucasian,37,2 (Mid),3 Meets,
SNDZ1038,Priya,Harris,2016-04-10,,Active,,Engineering,Talent,AMER,US,Female,Asian,37,1 (Jr),4 Exceeds,2017-08-17
SNDZ1039,Amelia,Anderson,2019-12-01,,Active,,R&D,Product,APAC,China,Male,Caucasian,50,6 (VP),2 Below Meets,
SNDZ1040,Priya,Thomas,2018-07-31,,Active,,Sales,Consumer,AMER,US,Male,Caucasian,54,2 (Mid),3 Meets,2021-12-13
SNDZ1041,Julia,Johnson,2018-04-15,,Active,,R&D,Product,AMER,US,Male,Black,41,4 (Sr),3 Meets,
SNDZ1042,Lucas,Anderson,2016-04-29,,Active,,Finance,Enterprise,APAC,China,Male,Caucasian,42,6 (VP),3 Meets,2022-10-25
SNDZ1043,Aisha,Johnson,2017-09-10,,Active,,HR,Product,AMER,US,Female,Asian,36,1 (Jr),3 Meets,
SNDZ1044,Benjamin,Khan,2019-05-10,,Active,,Engineering,Consumer,AMER,US,Male,Asian,42,5 (Dir),3 Meets,2024-08-27
SNDZ1045,Elena,Wang,2014-03-03,,Active,,Finance,Audit,EMEA,Germany,Female,Hispanic,38,5 (Dir),2 Below Meets,2020-04-19
SNDZ1046,Olivia,Taylor,2019-10-19,2025-05-23,Separated,Voluntary,HR,Enterprise,AMER,US,Female,Hispanic,46,2 (Mid),3 Meets,2021-03-07
SNDZ1047,Hannah,Walker,2019-12-20,,Active,,R&D,Consumer,AMER,US,Female,Black,46,4 (Sr),3 Meets,2022-04-04
SNDZ1048,Henry,Lee,2014-04-10,,Active,,Engineering,Consumer,AMER,US,Female,Black,32,3 (Mid),2 Below Meets,2022-02-23
SNDZ1049,Thomas,Morgan,2013-06-09,,Active,,HR,Consumer,AMER,US,Male,Caucasian,46,6 (VP),3 Meets,2024-12-26
SNDZ1050,Kabir,Clark,2017-06-05,,Active,,Sales,Consumer,AMER,US,Male,Caucasian,49,3 (Mid),4 Exceeds,2019-12-31
SNDZ1051,David,Shah,2013-03-17,,Active,,R&D,Consumer,AMER,US,Male,Caucasian,54,3 (Mid),4 Exceeds,
SNDZ1052,Priya,Walker,2021-07-12,,Active,,Finance,Enterprise,AMER,US,Male,Caucasian,30,1 (Jr),4 Exceeds,
SNDZ1053,Emma,Clark,2020-10-26,,Active,,Finance,Product,AMER,US,Female,Asian,48,1 (Jr),3 Meets,2022-06-16
SNDZ1054,Maya,Johnson,2013-06-12,,Active,,Engineering,Product,AMER,US,Female,Caucasian,56,1 (Jr),5 Exceeds,
SNDZ1055,Grace,Chen,2014-06-18,,Active,,Sales,Enterprise,AMER,US,Male,Caucasian,39,2 (Mid),3 Meets,2021-06-08
SNDZ1056,Sophia,Morgan,2019-07-13,,Active,,Engineering,Product,AMER,US,Male,Caucasian,65,1 (Jr),4 Exceeds,2023-06-22
SNDZ1057,Jasmine,Johnson,2020-06-09,,Active,,Engineering,Audit,AMER,US,Male,Asian,28,6 (VP),3 Meets,
SNDZ1058,Amelia,Morgan,2023-01-30,,Active,,Engineering,Product,AMER,US,Male,Caucasian,43,4 (Sr),3 Meets,2025-06-13
SNDZ1059,Ethan,Chen,2020-01-28,,Active,,Sales,Product,AMER,US,Male,Caucasian,45,4 (Sr),5 Exceeds,
SNDZ1060,Fatima,Bennett,2018-09-13,,Active,,Sales,Product,EMEA,UK,Female,Caucasian,51,6 (VP),2 Below Meets,2025-02-24
SNDZ1061,Arjun,Miller,2014-10-15,,Active,,Sales,Enterprise,AMER,US,Male,Hispanic,60,2 (Mid),3 Meets,2019-09-12
SNDZ1062,Sofia,Thompson,2022-05-19,2023-03-07,Separated,Voluntary,Engineering,Product,EMEA,UK,Male,Black,54,2 (Mid),3 Meets,2023-12-12
SNDZ1063,William,Kim,2013-04-19,,Active,,Finance,Enterprise,EMEA,Germany,Female,Black,45,4 (Sr),3 Meets,2018-11-08
SNDZ1064,Jonas,Wang,2023-09-28,2024-06-08,Separated,Voluntary,R&D,Consumer,AMER,US,Male,Black,25,1 (Jr),5 Exceeds,2025-06-06
SNDZ1065,Omar,Kumar,2019-09-23,,Active,,HR,Product,AMER,US,Male,Black,23,4 (Sr),5 Exceeds,2021-06-07
SNDZ1066,Kabir,Clark,2016-12-20,,Active,,Sales,Product,AMER,Brazil,Female,Hispanic,60,4 (Sr),2 Below Meets,2020-12-08
SNDZ1067,Hannah,Smith,2021-12-21,,Active,,Finance,Product,AMER,US,Male,Black,40,1 (Jr),4 Exceeds,2023-05-22
SNDZ1068,Amelia,Johnson,2019-03-06,,Active,,Sales,Product,AMER,US,Male,Asian,33,5 (Dir),3 Meets,2020-11-23
SNDZ1069,James,Bennett,2023-02-23,,Active,,HR,Enterprise,AMER,US,Female,Caucasian,59,4 (Sr),5 Exceeds,
SNDZ1070,Jasmine,Davis,2013-11-20,2024-12-24,Separated,Voluntary,Engineering,Consumer,AMER,Brazil,Female,Asian,39,6 (VP),2 Below Meets,2022-04-08
SNDZ1071,Chloe,Anderson,2021-10-13,,Active,,Sales,Enterprise,AMER,US,Male,Caucasian,54,2 (Mid),2 Below Meets,2023-02-14
SNDZ1072,Arjun,Shah,2021-09-26,,Active,,HR,Audit,AMER,US,Male,Black,47,4 (Sr),4 Exceeds,2023-06-17
SNDZ1073,Michael,Davis,2017-11-02,,Active,,R&D,Enterprise,AMER,US,Female,Asian,37,4 (Sr),5 Exceeds,2021-12-07
SNDZ1074,Ethan,Williams,2015-12-04,,Active,,Sales,Product,AMER,US,Female,Black,58,1 (Jr),3 Meets,2018-08-19
SNDZ1075,Jonas,Davis,2020-01-21,,Active,,Engineering,Product,APAC,India,Male,Caucasian,40,4 (Sr),3 Meets,2025-01-19
SNDZ1076,Sophia,Chen,2020-11-23,,Active,,R&D,Consumer,AMER,US,Male,Asian,49,1 (Jr),3 Meets,2024-01-24
SNDZ1077,Elena,Walker,2020-09-02,,Active,,Engineering,Product,AMER,US,Male,Hispanic,50,2 (Mid),3 Meets,
SNDZ1078,Henry,Gupta,2014-05-30,,Active,,Sales,Product,APAC,China,Male,Asian,59,3 (Mid),3 Meets,2024-01-01
SNDZ1079,Jonas,Davis,2021-05-19,,Active,,Engineering,Product,EMEA,Germany,Female,Caucasian,22,2 (Mid),3 Meets,2025-05-07
SNDZ1080,David,Wang,2023-06-17,,Active,,Engineering,Talent,AMER,US,Female,Caucasian,48,2 (Mid),4 Exceeds,2025-01-28
SNDZ1081,Liam,Taylor,2017-02-12,,Active,,Engineering,Consumer,APAC,China,Male,Caucasian,35,1 (Jr),3 Meets,2023-06-03
SNDZ1082,Maya,Davis,2023-03-14,,Active,,Finance,Product,AMER,US,Female,Caucasian,38,3 (Mid),2 Below Meets,2025-03-10
SNDZ1083,Camila,Walker,2023-07-29,,Active,,Sales,Enterprise,AMER,US,Male,Asian,22,3 (Mid),5 Exceeds,
SNDZ1084,Priya,Thompson,2019-07-27,,Active,,Finance,Consumer,AMER,US,Male,Black,46,4 (Sr),4 Exceeds,2021-06-17
SNDZ1085,Aisha,Hoffman,2023-06-07,,Active,,HR,Product,AMER,US,Female,Caucasian,32,6 (VP),1 Below Meets,2025-03-07
SNDZ1086,Chloe,Patel,2013-08-04,,Active,,HR,Consumer,AMER,US,Male,Asian,49,2 (Mid),3 Meets,
SNDZ1087,Noah,Kumar,2013-07-11,,Active,,Engineering,Consumer,AMER,US,Male,Asian,53,7 (Admin),4 Exceeds,
SNDZ1088,Aarav,Clark,2022-12-03,,Active,,R&D,Consumer,AMER,Brazil,Female,Hispanic,37,4 (Sr),3 Meets,2024-09-09
SNDZ1089,William,Khan,2014-02-27,2024-03-31,Separated,Voluntary,Sales,Consumer,AMER,US,Female,Caucasian,56,3 (Mid),3 Meets,2017-09-09
SNDZ1090,Michael,Thomas,2018-06-13,,Active,,Engineering,Audit,APAC,India,Female,Asian,37,4 (Sr),2 Below Meets,2023-08-22
SNDZ1091,Maya,Walker,2017-04-04,,Active,,Engineering,Enterprise,AMER,US,Male,Asian,31,2 (Mid),5 Exceeds,2024-05-30
SNDZ1092,Omar,Chen,2014-08-09,,Active,,Finance,Consumer,APAC,India,Female,Asian,32,1 (Jr),4 Exceeds,
SNDZ1093,Ryan,Bennett,2014-11-30,,Active,,Sales,Product,AMER,US,Female,Black,31,1 (Jr),3 Meets,2016-03-22
SNDZ1094,Sophia,Wang,2015-12-15,,Active,,Finance,Enterprise,AMER,US,Female,Caucasian,30,7 (Admin),4 Exceeds,2023-03-30
SNDZ1095,Aisha,Miller,2014-04-16,,Active,,Finance,Enterprise,AMER,US,Female,Asian,49,5 (Dir),5 Exceeds,
SNDZ1096,Sofia,Lee,2014-07-19,,Active,,Engineering,Consumer,APAC,China,Male,Caucasian,42,1 (Jr),5 Exceeds,2025-04-29
SNDZ1097,James,Wang,2018-10-01,,Active,,Finance,Enterprise,AMER,US,Male,Caucasian,33,2 (Mid),3 Meets,
SNDZ1098,Omar,Davis,2013-07-31,,Active,,Finance,Enterprise,AMER,US,Female,Black,48,2 (Mid),4 Exceeds,
SNDZ1099,Omar,Lee,2018-10-01,,Active,,Sales,Talent,AMER,Brazil,Male,Black,61,1 (Jr),3 Meets,2024-07-13
SNDZ1100,Olivia,Smith,2022-02-16,,Active,,Finance,Consumer,AMER,US,Male,Asian,43,5 (Dir),5 Exceeds,2024-10-03
SNDZ1101,Hannah,Smith,2019-03-05,2025-04-02,Separated,Voluntary,Sales,Consumer,APAC,China,Female,Hispanic,36,2 (Mid),4 Exceeds,2021-04-30
SNDZ1102,Emma,Garcia,2017-11-11,,Active,,Engineering,Talent,AMER,Brazil,Male,Asian,37,7 (Admin),2 Below Meets,
SNDZ1103,Henry,Brown,2019-03-19,,Active,,Sales,Audit,AMER,US,Male,Caucasian,36,5 (Dir),1 Below Meets,2022-04-27
SNDZ1104,Fatima,Morgan,2018-03-29,,Active,,Finance,Product,AMER,US,Male,Asian,56,3 (Mid),3 Meets,2021-08-24
SNDZ1105,James,Morgan,2013-08-16,,Active,,Sales,Product,AMER,Brazil,Female,Asian,25,4 (Sr),3 Meets,
SNDZ1106,Kabir,Johnson,2023-06-24,,Active,,Sales,Consumer,AMER,US,Female,Asian,34,3 (Mid),5 Exceeds,2024-12-29
SNDZ1107,Lucas,Clark,2018-06-15,,Active,,R&D,Consumer,AMER,US,Male,Hispanic,31,6 (VP),5 Exceeds,2022-07-05
SNDZ1108,Noah,Johnson,2019-09-27,2021-09-17,Separated,Voluntary,HR,Enterprise,AMER,US,Female,Caucasian,22,2 (Mid),3 Meets,2023-03-30
SNDZ1109,Benjamin,Nguyen,2023-04-12,,Active,,Engineering,Audit,AMER,US,Male,Black,65,4 (Sr),5 Exceeds,2024-07-09
SNDZ1110,Aarav,Bennett,2016-07-11,,Active,,Sales,Product,AMER,US,Female,Black,60,4 (Sr),4 Exceeds,2023-11-02
SNDZ1111,Alexander,Walker,2023-03-24,,Active,,HR,Product,AMER,US,Male,Caucasian,50,4 (Sr),2 Below Meets,2024-06-26
SNDZ1112,Jonas,Kim,2021-05-22,2021-09-03,Separated,Voluntary,Finance,Product,AMER,US,Male,Caucasian,64,3 (Mid),2 Below Meets,2022-07-11
SNDZ1113,Emma,Lee,2020-07-23,,Active,,Engineering,Consumer,AMER,US,Female,Asian,42,2 (Mid),4 Exceeds,2025-03-13
SNDZ1114,Julia,Morgan,2018-12-03,,Active,,R&D,Product,AMER,US,Female,Caucasian,39,5 (Dir),3 Meets,
SNDZ1115,Aisha,Johnson,2021-05-21,,Active,,Sales,Product,APAC,China,Female,Hispanic,46,7 (Admin),3 Meets,
SNDZ1116,Daniel,Clark,2015-09-05,,Active,,Sales,Audit,AMER,US,Female,Caucasian,22,5 (Dir),4 Exceeds,2023-12-20
SNDZ1117,Ravi,Miller,2015-12-21,,Active,,Sales,Enterprise,AMER,US,Male,Asian,40,2 (Mid),1 Below Meets,
SNDZ1118,Camila,Williams,2020-01-07,,Active,,HR,Product,EMEA,Germany,Male,Black,53,1 (Jr),4 Exceeds,2021-05-25
SNDZ1119,Arjun,Patel,2022-07-12,,Active,,HR,Consumer,AMER,US,Male,Caucasian,55,3 (Mid),2 Below Meets,
SNDZ1120,Kabir,Taylor,2018-09-24,,Active,,Sales,Audit,AMER,US,Female,Caucasian,41,2 (Mid),3 Meets,2021-02-06
SNDZ1121,Daniel,Khan,2019-02-22,,Active,,Engineering,Enterprise,EMEA,UK,Female,Caucasian,32,5 (Dir),3 Meets,
SNDZ1122,Aisha,Thompson,2018-09-19,,Active,,Finance,Enterprise,APAC,India,Female,Asian,43,3 (Mid),3 Meets,2025-06-01
SNDZ1123,Thomas,Roberts,2020-08-12,,Active,,Engineering,Enterprise,AMER,US,Female,Caucasian,51,4 (Sr),4 Exceeds,
SNDZ1124,Isabella,Davis,2020-01-22,,Active,,Engineering,Enterprise,EMEA,Germany,Female,Asian,28,6 (VP),3 Meets,
SNDZ1125,Elena,Patel,2018-02-22,,Active,,R&D,Talent,AMER,US,Male,Caucasian,51,4 (Sr),4 Exceeds,2023-05-02
SNDZ1126,Olivia,Chen,2022-11-26,2023-02-05,Separated,Voluntary,Engineering,Product,AMER,US,Male,Asian,40,2 (Mid),3 Meets,2024-05-14
SNDZ1127,Aarav,Anderson,2018-07-19,,Active,,Finance,Enterprise,AMER,US,Female,Caucasian,53,2 (Mid),5 Exceeds,2020-06-05
SNDZ1128,Jonas,Miller,2022-08-19,,Active,,R&D,Consumer,AMER,US,Female,Caucasian,26,4 (Sr),4 Exceeds,
SNDZ1129,Chloe,Schmidt,2014-04-19,,Active,,Sales,Consumer,EMEA,UK,Female,Black,53,3 (Mid),5 Exceeds,
SNDZ1130,Omar,Bennett,2020-07-28,2024-01-13,Separated,Voluntary,Sales,Consumer,AMER,US,Female,Black,65,1 (Jr),3 Meets,
SNDZ1131,Ravi,Lee,2019-09-25,,Active,,Engineering,Talent,AMER,Brazil,Female,Asian,29,4 (Sr),3 Meets,2021-01-24
SNDZ1132,Noah,Kumar,2014-10-25,,Active,,R&D,Consumer,EMEA,UK,Female,Caucasian,33,6 (VP),5 Exceeds,2016-11-14
SNDZ1133,Noah,Johnson,2014-08-02,,Active,,Engineering,Enterprise,EMEA,UK,Female,Asian,39,3 (Mid),5 Exceeds,2017-05-10
SNDZ1134,Lucas,Patel,2013-05-15,,Active,,Engineering,Talent,APAC,India,Female,Asian,28,1 (Jr),3 Meets,2020-09-10
SNDZ1135,Ethan,Chen,2017-03-15,,Active,,Engineering,Product,AMER,US,Male,Black,42,3 (Mid),3 Meets,
SNDZ1136,Olivia,Lee,2013-10-07,,Active,,Engineering,Product,AMER,US,Female,Asian,35,5 (Dir),3 Meets,2025-04-17
SNDZ1137,Lucas,Bennett,2016-06-20,,Active,,HR,Audit,AMER,US,Female,Caucasian,48,3 (Mid),4 Exceeds,2023-06-15
SNDZ1138,Benjamin,Hoffman,2019-06-02,,Active,,Sales,Audit,AMER,US,Female,Caucasian,35,3 (Mid),3 Meets,2025-06-10
SNDZ1139,Henry,Morgan,2020-04-22,,Active,,Finance,Enterprise,AMER,US,Male,Asian,36,1 (Jr),3 Meets,2023-04-25
SNDZ1140,Vikram,Thompson,2015-05-22,2019-11-10,Separated,Voluntary,Engineering,Audit,AMER,US,Female,Hispanic,54,1 (Jr),3 Meets,2019-12-14
SNDZ1141,Isabella,Zhang,2016-11-22,,Active,,R&D,Product,AMER,US,Female,Hispanic,56,3 (Mid),3 Meets,2018-10-20
SNDZ1142,Benjamin,Wilson,2014-10-05,,Active,,Engineering,Enterprise,AMER,US,Female,Caucasian,25,3 (Mid),5 Exceeds,2016-06-13
SNDZ1143,Camila,Smith,2018-02-10,,Active,,Sales,Enterprise,AMER,US,Male,Asian,35,1 (Jr),3 Meets,
SNDZ1144,Sofia,Taylor,2023-03-07,2023-05-07,Separated,Voluntary,R&D,Product,AMER,US,Female,Black,37,1 (Jr),4 Exceeds,2024-11-01
SNDZ1145,Henry,Brown,2017-07-10,,Active,,Finance,Enterprise,EMEA,Germany,Male,Black,64,4 (Sr),2 Below Meets,
SNDZ1146,Elena,Thompson,2013-12-30,,Active,,R&D,Talent,APAC,India,Female,Black,55,7 (Admin),3 Meets,2016-05-28
SNDZ1147,Alexander,Khan,2018-11-13,,Active,,Finance,Product,EMEA,Germany,Female,Asian,48,4 (Sr),5 Exceeds,2021-07-13
SNDZ1148,Olivia,Kumar,2015-12-31,,Active,,Engineering,Product,AMER,US,Male,Hispanic,49,2 (Mid),3 Meets,
SNDZ1149,Nadia,Wilson,2022-05-07,,Active,,Sales,Consumer,EMEA,Germany,Female,Asian,49,3 (Mid),3 Meets,
SNDZ1150,Lucas,Lee,2023-10-01,,Active,,Engineering,Product,EMEA,Germany,Female,Hispanic,32,1 (Jr),4 Exceeds,
SNDZ1151,Benjamin,Walker,2018-02-19,,Active,,Sales,Consumer,EMEA,Germany,Male,Asian,28,3 (Mid),4 Exceeds,
SNDZ1152,Michael,Khan,2021-08-11,,Active,,Engineering,Enterprise,AMER,Brazil,Male,Hispanic,60,2 (Mid),4 Exceeds,2023-09-09
SNDZ1153,Chloe,Khan,2019-02-02,,Active,,Engineering,Enterprise,AMER,US,Female,Caucasian,55,7 (Admin),5 Exceeds,2023-06-03
SNDZ1154,Arjun,Johnson,2022-11-29,,Active,,R&D,Consumer,AMER,US,Male,Hispanic,38,4 (Sr),3 Meets,2024-03-27
SNDZ1155,Sofia,Zhang,2015-12-17,,Active,,Finance,Enterprise,AMER,US,Female,Hispanic,42,4 (Sr),4 Exceeds,2022-11-04
SNDZ1156,Liam,Williams,2016-02-29,,Active,,Engineering,Enterprise,APAC,China,Female,Caucasian,53,2 (Mid),4 Exceeds,2020-01-18
SNDZ1157,Omar,Wilson,2016-02-04,,Active,,R&D,Audit,EMEA,Germany,Male,Black,37,3 (Mid),4 Exceeds,2019-01-01
SNDZ1158,Grace,Shah,2016-09-01,,Active,,Sales,Consumer,AMER,US,Female,Asian,37,1 (Jr),2 Below Meets,2022-06-06
SNDZ1159,Lucas,Shah,2018-05-10,,Active,,Sales,Product,APAC,China,Male,Hispanic,40,4 (Sr),4 Exceeds,2023-02-08
SNDZ1160,Vikram,Wilson,2019-03-04,,Active,,R&D,Enterprise,APAC,India,Male,Caucasian,51,6 (VP),3 Meets,2025-06-02
SNDZ1161,Aarav,Anderson,2016-06-26,,Active,,Sales,Product,AMER,US,Female,Asian,57,2 (Mid),5 Exceeds,2024-09-17
SNDZ1162,Olivia,Brown,2022-07-14,,Active,,R&D,Consumer,AMER,US,Male,Hispanic,44,2 (Mid),4 Exceeds,
SNDZ1163,David,Hoffman,2014-12-31,,Active,,HR,Audit,APAC,China,Male,Hispanic,28,3 (Mid),4 Exceeds,2020-04-21
SNDZ1164,William,Zhang,2017-02-09,,Active,,R&D,Product,EMEA,Germany,Female,Caucasian,43,1 (Jr),3 Meets,
SNDZ1165,Elena,Smith,2015-10-29,,Active,,Engineering,Product,AMER,US,Female,Caucasian,59,7 (Admin),2 Below Meets,2018-07-26
SNDZ1166,Jonas,Wang,2014-07-21,,Active,,Engineering,Talent,APAC,China,Male,Asian,28,3 (Mid),3 Meets,
SNDZ1167,Jonas,Wang,2018-04-28,,Active,,Sales,Audit,EMEA,Germany,Male,Caucasian,45,1 (Jr),4 Exceeds,
SNDZ1168,Michael,Morgan,2023-08-23,,Active,,HR,Product,AMER,US,Female,Black,37,3 (Mid),3 Meets,2024-10-12
SNDZ1169,James,Kumar,2017-09-01,,Active,,Finance,Consumer,AMER,US,Female,Caucasian,26,3 (Mid),3 Meets,
SNDZ1170,James,Johnson,2023-03-24,2024-01-12,Separated,Voluntary,Finance,Product,EMEA,UK,Male,Black,55,2 (Mid),4 Exceeds,2025-04-30
SNDZ1171,Omar,Khan,2014-10-13,,Active,,Engineering,Product,AMER,US,Male,Caucasian,52,5 (Dir),3 Meets,2023-09-19
SNDZ1172,Ethan,Thomas,2013-08-21,,Active,,Engineering,Consumer,AMER,US,Male,Asian,40,1 (Jr),4 Exceeds,2022-04-19
SNDZ1173,Henry,Khan,2023-07-22,2023-11-26,Separated,Voluntary,R&D,Consumer,AMER,US,Female,Asian,53,2 (Mid),3 Meets,2025-02-21
SNDZ1174,Rachel,Lee,2015-08-01,,Active,,Engineering,Talent,AMER,US,Male,Caucasian,55,3 (Mid),2 Below Meets,2023-11-17
SNDZ1175,Nadia,Anderson,2018-08-23,,Active,,Sales,Enterprise,AMER,US,Male,Caucasian,32,3 (Mid),1 Below Meets,2025-02-05
SNDZ1176,Elena,Taylor,2013-04-27,,Active,,Sales,Consumer,AMER,US,Male,Asian,33,3 (Mid),3 Meets,2021-09-26
SNDZ1177,Kabir,Chen,2018-12-26,2023-10-19,Separated,Voluntary,Finance,Consumer,AMER,US,Female,Asian,22,1 (Jr),3 Meets,
SNDZ1178,Lucas,Zhang,2018-07-28,,Active,,Engineering,Product,AMER,US,Female,Asian,44,3 (Mid),2 Below Meets,2023-01-31
SNDZ1179,Nadia,Patel,2021-02-17,,Active,,Engineering,Consumer,AMER,US,Female,Black,63,4 (Sr),3 Meets,
SNDZ1180,William,Davis,2020-10-01,,Active,,HR,Enterprise,AMER,US,Male,Asian,43,3 (Mid),4 Exceeds,2022-10-14
SNDZ1181,Julia,Clark,2013-01-07,,Active,,Sales,Product,EMEA,UK,Female,Asian,47,3 (Mid),3 Meets,2015-09-29
SNDZ1182,Maya,Taylor,2020-05-03,,Active,,R&D,Product,APAC,China,Female,Asian,43,2 (Mid),3 Meets,2024-06-01
SNDZ1183,Jasmine,Morgan,2016-08-22,,Active,,Finance,Consumer,APAC,India,Female,Asian,37,1 (Jr),1 Below Meets,
SNDZ1184,Jasmine,Davis,2021-07-22,,Active,,Engineering,Enterprise,AMER,US,Female,Asian,49,4 (Sr),4 Exceeds,2025-07-02
SNDZ1185,Thomas,Nguyen,2014-11-25,,Active,,HR,Product,EMEA,Germany,Male,Asian,40,5 (Dir),2 Below Meets,2023-08-29
SNDZ1186,Chloe,Wilson,2016-12-06,,Active,,Engineering,Enterprise,AMER,US,Female,Asian,39,3 (Mid),3 Meets,
SNDZ1187,Fatima,Chen,2016-01-17,,Active,,R&D,Audit,AMER,US,Female,Asian,55,4 (Sr),2 Below Meets,
SNDZ1188,Liam,Thomas,2014-10-05,,Active,,Engineering,Talent,APAC,China,Female,Asian,41,4 (Sr),4 Exceeds,
SNDZ1189,Jonas,Bennett,2022-10-14,,Active,,R&D,Talent,AMER,US,Female,Asian,48,2 (Mid),3 Meets,
SNDZ1190,Thomas,Miller,2022-12-09,,Active,,Engineering,Product,APAC,India,Male,Caucasian,33,3 (Mid),1 Below Meets,
SNDZ1191,Julia,Brown,2013-03-20,,Active,,Finance,Audit,APAC,China,Male,Black,57,4 (Sr),3 Meets,2021-06-04
SNDZ1192,Sofia,Wilson,2022-03-01,,Active,,Sales,Audit,AMER,US,Male,Asian,40,2 (Mid),4 Exceeds,
SNDZ1193,Camila,Nguyen,2016-08-29,,Active,,Sales,Audit,AMER,US,Male,Asian,58,4 (Sr),4 Exceeds,2018-07-06
SNDZ1194,Elena,Patel,2014-06-14,,Active,,Engineering,Product,AMER,Brazil,Female,Caucasian,43,3 (Mid),4 Exceeds,2020-01-28
SNDZ1195,Olivia,Garcia,2021-01-09,,Active,,Engineering,Enterprise,AMER,US,Female,Asian,26,2 (Mid),3 Meets,2024-12-04
SNDZ1196,Fatima,Clark,2020-08-30,2023-11-11,Separated,Voluntary,Engineering,Enterprise,AMER,US,Female,Asian,42,2 (Mid),3 Meets,
SNDZ1197,Maya,Davis,2019-02-04,,Active,,Sales,Consumer,AMER,US,Female,Hispanic,30,6 (VP),3 Meets,
SNDZ1198,Alexander,Miller,2014-02-22,2022-09-14,Separated,Voluntary,Engineering,Talent,AMER,US,Female,Caucasian,46,2 (Mid),3 Meets,2018-05-13
SNDZ1199,Sofia,Davis,2016-05-23,,Active,,Engineering,Talent,AMER,US,Male,Caucasian,48,3 (Mid),2 Below Meets,
SNDZ1200,Aarav,Johnson,2021-07-06,,Active,,Sales,Consumer,AMER,US,Female,Hispanic,61,3 (Mid),3 Meets,2024-12-31
SNDZ1201,Ethan,Roberts,2013-08-04,,Active,,Finance,Talent,AMER,Brazil,Male,Caucasian,42,4 (Sr),3 Meets,2020-07-31
SNDZ1202,Jasmine,Smith,2020-12-27,,Active,,Engineering,Talent,AMER,US,Female,Asian,41,7 (Admin),5 Exceeds,
SNDZ1203,Camila,Gupta,2019-01-11,,Active,,R&D,Product,AMER,US,Female,Black,53,1 (Jr),4 Exceeds,2023-04-05
SNDZ1204,Lucas,Bennett,2013-09-23,,Active,,Finance,Consumer,AMER,US,Female,Caucasian,57,5 (Dir),3 Meets,
SNDZ1205,Liam,Johnson,2021-12-22,,Active,,Engineering,Audit,AMER,Brazil,Male,Caucasian,31,4 (Sr),4 Exceeds,
SNDZ1206,Daniel,Williams,2017-01-22,2025-04-15,Separated,Voluntary,Engineering,Product,EMEA,Germany,Male,Black,33,3 (Mid),4 Exceeds,2023-11-28
SNDZ1207,Elena,Zhang,2018-03-01,,Active,,R&D,Consumer,AMER,US,Male,Black,46,6 (VP),4 Exceeds,
SNDZ1208,Priya,Williams,2017-09-08,2019-09-03,Separated,Voluntary,Engineering,Consumer,APAC,China,Female,Caucasian,35,2 (Mid),4 Exceeds,2025-05-01
SNDZ1209,Ethan,Wilson,2013-12-13,,Active,,Sales,Talent,AMER,US,Female,Asian,55,1 (Jr),4 Exceeds,2021-12-30
SNDZ1210,Grace,Schmidt,2018-06-28,,Active,,Sales,Enterprise,AMER,Brazil,Female,Asian,39,3 (Mid),3 Meets,2025-04-08
SNDZ1211,David,Wang,2017-03-01,,Active,,HR,Enterprise,AMER,US,Male,Asian,55,3 (Mid),1 Below Meets,
SNDZ1212,Vikram,Anderson,2021-04-22,,Active,,Engineering,Enterprise,AMER,US,Female,Black,34,2 (Mid),4 Exceeds,
SNDZ1213,Alexander,Bennett,2018-10-19,,Active,,R&D,Product,AMER,US,Female,Asian,49,4 (Sr),3 Meets,2022-10-23
SNDZ1214,Nadia,Schmidt,2017-08-14,,Active,,Sales,Audit,APAC,India,Male,Asian,29,3 (Mid),3 Meets,2021-11-30
SNDZ1215,David,Taylor,2017-08-08,2024-11-02,Separated,Voluntary,Engineering,Consumer,AMER,Brazil,Male,Caucasian,22,1 (Jr),3 Meets,2019-03-18
SNDZ1216,Daniel,Khan,2019-11-24,,Active,,Engineering,Consumer,AMER,US,Male,Asian,47,3 (Mid),4 Exceeds,2023-08-28
SNDZ1217,Kabir,Gupta,2022-03-22,,Active,,HR,Product,AMER,US,Female,Asian,36,5 (Dir),4 Exceeds,
SNDZ1218,Hannah,Miller,2019-07-09,,Active,,Engineering,Product,AMER,US,Female,Black,38,1 (Jr),3 Meets,
SNDZ1219,Fatima,Smith,2015-04-23,,Active,,Finance,Consumer,EMEA,Germany,Male,Caucasian,56,4 (Sr),3 Meets,
SNDZ1220,Olivia,Brown,2016-09-04,,Active,,Sales,Product,AMER,US,Male,Hispanic,30,2 (Mid),1 Below Meets,
SNDZ1221,Jasmine,Wang,2013-06-10,,Active,,Engineering,Product,APAC,China,Male,Caucasian,42,4 (Sr),3 Meets,2021-07-06
SNDZ1222,James,Bennett,2016-11-29,,Active,,Sales,Enterprise,AMER,US,Female,Caucasian,50,5 (Dir),3 Meets,
SNDZ1223,Omar,Schmidt,2019-03-22,,Active,,Sales,Audit,AMER,US,Male,Caucasian,65,5 (Dir),3 Meets,2020-07-25
SNDZ1224,Elena,Schmidt,2014-06-10,,Active,,Finance,Enterprise,AMER,US,Male,Black,51,2 (Mid),3 Meets,2023-12-10
SNDZ1225,Michael,Brown,2020-03-10,,Active,,Engineering,Consumer,AMER,US,Female,Hispanic,48,6 (VP),4 Exceeds,
SNDZ1226,Noah,Kim,2013-10-16,,Active,,Engineering,Consumer,AMER,US,Female,Caucasian,50,2 (Mid),5 Exceeds,2023-05-17
SNDZ1227,Priya,Miller,2014-09-21,,Active,,HR,Audit,AMER,US,Male,Asian,45,4 (Sr),3 Meets,2019-05-23
SNDZ1228,Jonas,Smith,2016-07-29,2024-10-18,Separated,Voluntary,Engineering,Audit,AMER,US,Female,Caucasian,46,3 (Mid),4 Exceeds,
SNDZ1229,Benjamin,Williams,2016-01-16,,Active,,Finance,Product,AMER,US,Female,Black,45,7 (Admin),4 Exceeds,2023-08-15
SNDZ1230,Rachel,Williams,2014-09-08,,Active,,Sales,Consumer,AMER,US,Female,Asian,25,1 (Jr),3 Meets,2023-07-28
SNDZ1231,Camila,Walker,2016-07-11,,Active,,Sales,Talent,AMER,US,Male,Caucasian,46,7 (Admin),5 Exceeds,2024-11-03
SNDZ1232,Sophia,Gupta,2014-11-27,,Active,,Sales,Enterprise,AMER,US,Female,Asian,33,1 (Jr),3 Meets,2023-11-12
SNDZ1233,James,Brown,2023-08-29,,Active,,HR,Consumer,EMEA,UK,Male,Asian,38,2 (Mid),3 Meets,2025-02-23
SNDZ1234,James,Smith,2013-05-19,,Active,,R&D,Consumer,AMER,US,Male,Caucasian,29,3 (Mid),3 Meets,2018-10-12
SNDZ1235,Aarav,Miller,2015-04-09,,Active,,R&D,Product,AMER,US,Male,Asian,24,6 (VP),4 Exceeds,2024-10-31
SNDZ1236,Ethan,Nguyen,2020-10-12,2021-11-03,Separated,Voluntary,Sales,Enterprise,AMER,Brazil,Male,Hispanic,57,2 (Mid),4 Exceeds,2023-02-28
SNDZ1237,Julia,Kumar,2015-12-14,,Active,,Engineering,Audit,APAC,India,Male,Asian,35,4 (Sr),3 Meets,
SNDZ1238,Sophia,Anderson,2019-09-18,,Active,,R&D,Talent,AMER,US,Female,Caucasian,50,3 (Mid),3 Meets,2022-01-10
SNDZ1239,Ethan,Nguyen,2016-12-08,,Active,,R&D,Product,AMER,US,Female,Black,54,2 (Mid),3 Meets,
SNDZ1240,Emma,Brown,2015-10-12,,Active,,HR,Product,APAC,China,Female,Asian,40,5 (Dir),3 Meets,2021-02-07
SNDZ1241,Ravi,Taylor,2014-06-08,,Active,,R&D,Talent,AMER,US,Female,Caucasian,52,2 (Mid),3 Meets,
SNDZ1242,Michael,Kumar,2023-04-02,,Active,,Sales,Enterprise,AMER,US,Female,Asian,38,6 (VP),2 Below Meets,2025-05-04
SNDZ1243,Sophia,Harris,2018-12-21,,Active,,Sales,Enterprise,AMER,US,Male,Caucasian,34,3 (Mid),4 Exceeds,2020-12-10
SNDZ1244,Noah,Schmidt,2022-03-21,,Active,,Sales,Audit,AMER,US,Male,Caucasian,40,1 (Jr),3 Meets,
SNDZ1245,Ryan,Khan,2017-01-31,,Active,,Finance,Consumer,AMER,US,Male,Asian,47,4 (Sr),5 Exceeds,2022-10-20
SNDZ1246,Omar,Garcia,2019-03-29,,Active,,Sales,Talent,APAC,India,Male,Asian,47,2 (Mid),4 Exceeds,2021-11-26
SNDZ1247,Liam,Nguyen,2021-04-25,,Active,,R&D,Product,AMER,US,Male,Hispanic,59,5 (Dir),1 Below Meets,
SNDZ1248,Camila,Clark,2019-03-04,,Active,,HR,Enterprise,AMER,US,Female,Asian,48,2 (Mid),3 Meets,2022-04-24
SNDZ1249,David,Brown,2014-04-28,,Active,,Sales,Audit,AMER,US,Female,Asian,60,2 (Mid),3 Meets,2020-03-20
SNDZ1250,Henry,Kumar,2019-01-01,,Active,,Sales,Product,AMER,US,Male,Caucasian,45,3 (Mid),3 Meets,2024-10-20
SNDZ1251,Priya,Morgan,2013-02-21,,Active,,R&D,Talent,AMER,US,Male,Hispanic,33,4 (Sr),3 Meets,2023-07-09
SNDZ1252,Jonas,Garcia,2014-11-05,,Active,,R&D,Consumer,AMER,US,Male,Black,28,4 (Sr),1 Below Meets,2018-10-21
SNDZ1253,David,Johnson,2018-12-06,,Active,,R&D,Product,AMER,US,Male,Hispanic,45,2 (Mid),3 Meets,2021-04-12
SNDZ1254,Maya,Gupta,2015-08-06,,Active,,Engineering,Consumer,EMEA,UK,Male,Asian,35,4 (Sr),3 Meets,2023-06-08
SNDZ1255,Olivia,Bennett,2021-07-26,,Active,,Sales,Consumer,AMER,US,Female,Asian,29,1 (Jr),3 Meets,
SNDZ1256,Hannah,Schmidt,2014-01-15,,Active,,Engineering,Talent,APAC,China,Female,Hispanic,46,2 (Mid),4 Exceeds,2019-08-24
SNDZ1257,Sophia,Brown,2020-02-08,2025-05-01,Separated,Voluntary,R&D,Enterprise,AMER,US,Male,Asian,40,2 (Mid),3 Meets,2022-07-20
SNDZ1258,Elena,Kumar,2015-09-10,,Active,,HR,Audit,AMER,US,Male,Asian,36,5 (Dir),4 Exceeds,2020-08-16
SNDZ1259,Chloe,Taylor,2020-09-16,,Active,,Engineering,Consumer,AMER,US,Female,Asian,47,1 (Jr),4 Exceeds,
SNDZ1260,Elena,Lewis,2022-05-18,,Active,,Sales,Talent,AMER,US,Male,Hispanic,40,2 (Mid),3 Meets,2024-03-08
SNDZ1261,Nadia,Wilson,2017-03-16,2022-05-24,Separated,Voluntary,Engineering,Product,AMER,US,Male,Caucasian,30,2 (Mid),4 Exceeds,
SNDZ1262,James,Kumar,2015-09-15,,Active,,Engineering,Consumer,AMER,Brazil,Male,Hispanic,43,2 (Mid),3 Meets,
SNDZ1263,Sofia,Lee,2018-05-29,,Active,,R&D,Enterprise,APAC,China,Female,Black,41,2 (Mid),2 Below Meets,
SNDZ1264,Thomas,Thompson,2022-03-31,,Active,,Engineering,Talent,EMEA,UK,Male,Caucasian,32,5 (Dir),3 Meets,2024-01-31
SNDZ1265,Priya,Miller,2018-03-31,,Active,,Engineering,Consumer,APAC,China,Male,Caucasian,33,4 (Sr),3 Meets,
SNDZ1266,Sophia,Kumar,2021-01-01,2021-08-16,Separated,Voluntary,R&D,Enterprise,EMEA,Germany,Male,Caucasian,54,3 (Mid),4 Exceeds,2025-06-08
SNDZ1267,Ryan,Garcia,2020-04-09,,Active,,R&D,Product,AMER,US,Female,Caucasian,44,1 (Jr),2 Below Meets,2024-09-25
SNDZ1268,Isabella,Gupta,2022-08-19,2022-10-29,Separated,Voluntary,Sales,Consumer,EMEA,UK,Male,Asian,42,1 (Jr),5 Exceeds,2025-01-12
SNDZ1269,Aarav,Clark,2014-11-10,,Active,,Engineering,Audit,AMER,US,Male,Hispanic,58,4 (Sr),1 Below Meets,
SNDZ1270,Maya,Taylor,2013-06-11,,Active,,Sales,Audit,AMER,US,Female,Asian,48,3 (Mid),3 Meets,
SNDZ1271,Nadia,Gupta,2019-03-03,,Active,,Engineering,Enterprise,EMEA,Germany,Female,Hispanic,42,4 (Sr),4 Exceeds,2021-10-04
SNDZ1272,Lucas,Harris,2015-05-03,,Active,,Finance,Talent,EMEA,UK,Male,Hispanic,39,5 (Dir),3 Meets,
SNDZ1273,Arjun,Garcia,2022-11-15,,Active,,R&D,Talent,AMER,US,Male,Caucasian,65,2 (Mid),4 Exceeds,2024-01-07
SNDZ1274,Michael,Clark,2021-04-25,,Active,,Sales,Consumer,AMER,US,Male,Asian,33,4 (Sr),2 Below Meets,2024-12-09
SNDZ1275,Amelia,Roberts,2014-12-12,,Active,,Engineering,Enterprise,APAC,China,Female,Caucasian,47,3 (Mid),3 Meets,2025-04-03
SNDZ1276,Noah,Roberts,2021-08-13,,Active,,Finance,Audit,AMER,US,Male,Hispanic,32,4 (Sr),3 Meets,2023-06-30
SNDZ1277,Emma,Davis,2017-06-16,,Active,,Sales,Talent,AMER,US,Male,Hispanic,46,4 (Sr),2 Below Meets,
SNDZ1278,Kabir,Lee,2014-06-21,,Active,,Engineering,Product,AMER,US,Male,Hispanic,47,4 (Sr),1 Below Meets,
SNDZ1279,Hannah,Harris,2017-12-25,,Active,,HR,Talent,AMER,US,Male,Caucasian,41,2 (Mid),1 Below Meets,
SNDZ1280,Aisha,Kim,2021-03-08,,Active,,Sales,Product,AMER,US,Female,Caucasian,48,2 (Mid),5 Exceeds,2024-10-23
SNDZ1281,Benjamin,Nguyen,2017-02-14,,Active,,Sales,Consumer,AMER,US,Female,Black,44,1 (Jr),3 Meets,
SNDZ1282,Aarav,Nguyen,2018-07-25,,Active,,Engineering,Consumer,APAC,India,Male,Black,46,1 (Jr),3 Meets,2021-06-01
SNDZ1283,Alexander,Zhang,2014-10-03,,Active,,Engineering,Talent,AMER,US,Male,Caucasian,33,1 (Jr),4 Exceeds,2024-10-13
SNDZ1284,Fatima,Harris,2019-09-06,,Active,,Sales,Enterprise,EMEA,Germany,Female,Caucasian,63,4 (Sr),3 Meets,2025-02-08
SNDZ1285,Lucas,Walker,2017-08-03,,Active,,Engineering,Talent,AMER,US,Female,Asian,43,1 (Jr),2 Below Meets,2022-09-23
SNDZ1286,Hannah,Chen,2019-05-18,,Active,,Finance,Enterprise,AMER,US,Female,Asian,29,3 (Mid),4 Exceeds,2025-05-04
SNDZ1287,Alexander,Davis,2016-11-03,,Active,,R&D,Consumer,AMER,US,Female,Asian,32,4 (Sr),5 Exceeds,2018-11-21
SNDZ1288,Benjamin,Roberts,2015-12-25,,Active,,HR,Product,AMER,US,Female,Asian,46,3 (Mid),1 Below Meets,2024-09-11
SNDZ1289,Arjun,Smith,2015-06-08,,Active,,Sales,Audit,AMER,US,Female,Black,43,7 (Admin),4 Exceeds,2022-02-28
SNDZ1290,Olivia,Clark,2021-09-19,,Active,,R&D,Product,EMEA,Germany,Male,Asian,54,2 (Mid),3 Meets,2024-12-09
SNDZ1291,Maya,Davis,2023-03-01,,Active,,Sales,Product,AMER,US,Male,Hispanic,38,1 (Jr),3 Meets,2025-03-03
SNDZ1292,Maya,Wang,2018-10-05,,Active,,Sales,Consumer,AMER,US,Male,Black,36,3 (Mid),3 Meets,2023-04-10
SNDZ1293,Priya,Harris,2017-05-18,,Active,,Finance,Enterprise,AMER,US,Male,Asian,53,2 (Mid),3 Meets,
SNDZ1294,Aarav,Lewis,2019-09-22,,Active,,R&D,Talent,APAC,India,Male,Black,56,3 (Mid),2 Below Meets,2020-11-21
SNDZ1295,Maya,Roberts,2015-10-20,,Active,,Sales,Consumer,AMER,US,Male,Caucasian,43,3 (Mid),2 Below Meets,2023-02-14
SNDZ1296,William,Morgan,2014-12-01,,Active,,Engineering,Consumer,EMEA,Germany,Female,Asian,28,2 (Mid),4 Exceeds,2023-03-24
SNDZ1297,Jonas,Lewis,2023-04-22,,Active,,Engineering,Enterprise,APAC,China,Male,Asian,49,5 (Dir),4 Exceeds,2024-08-07
SNDZ1298,Amelia,Chen,2014-10-13,,Active,,Engineering,Enterprise,EMEA,UK,Female,Caucasian,40,1 (Jr),5 Exceeds,
SNDZ1299,Isabella,Zhang,2018-11-09,,Active,,HR,Audit,EMEA,Germany,Male,Asian,54,6 (VP),3 Meets,2024-06-25
SNDZ1300,Aarav,Clark,2019-08-11,,Active,,Engineering,Talent,AMER,US,Male,Asian,31,4 (Sr),3 Meets,2022-12-16
SNDZ1301,Kabir,Clark,2014-06-08,,Active,,Sales,Talent,AMER,US,Female,Caucasian,35,2 (Mid),3 Meets,2020-10-08
SNDZ1302,Priya,Walker,2016-04-04,,Active,,Engineering,Talent,AMER,US,Male,Asian,41,3 (Mid),3 Meets,2017-10-31
SNDZ1303,Aisha,Khan,2022-02-06,,Active,,Engineering,Audit,AMER,US,Male,Caucasian,26,4 (Sr),4 Exceeds,2024-06-24
SNDZ1304,Amelia,Shah,2018-09-04,,Active,,Engineering,Talent,AMER,US,Male,Caucasian,47,4 (Sr),3 Meets,
SNDZ1305,Thomas,Chen,2015-05-09,,Active,,R&D,Consumer,EMEA,Germany,Female,Black,49,5 (Dir),2 Below Meets,
SNDZ1306,Aarav,Chen,2019-06-24,,Active,,Engineering,Consumer,EMEA,Germany,Female,Hispanic,41,2 (Mid),4 Exceeds,
SNDZ1307,Priya,Wang,2017-04-16,,Active,,Finance,Consumer,AMER,US,Female,Black,29,5 (Dir),3 Meets,
SNDZ1308,Henry,Khan,2018-06-19,,Active,,R&D,Audit,AMER,US,Male,Asian,47,6 (VP),3 Meets,
SNDZ1309,Sophia,Khan,2017-12-05,,Active,,Engineering,Audit,AMER,US,Male,Hispanic,52,2 (Mid),2 Below Meets,2023-04-23
SNDZ1310,Jasmine,Anderson,2022-06-26,,Active,,Engineering,Product,AMER,Brazil,Male,Hispanic,55,2 (Mid),5 Exceeds,2023-07-18
SNDZ1311,Lucas,Wilson,2014-08-07,,Active,,Sales,Audit,AMER,US,Male,Black,46,4 (Sr),1 Below Meets,
SNDZ1312,Sophia,Thomas,2015-02-05,,Active,,Engineering,Consumer,EMEA,UK,Female,Caucasian,38,4 (Sr),3 Meets,
SNDZ1313,Liam,Brown,2020-08-19,,Active,,R&D,Product,APAC,China,Male,Caucasian,41,3 (Mid),3 Meets,
SNDZ1314,Sophia,Harris,2016-06-23,,Active,,R&D,Consumer,APAC,China,Female,Asian,42,1 (Jr),1 Below Meets,
SNDZ1315,Daniel,Williams,2018-12-02,,Active,,Finance,Product,AMER,US,Female,Black,39,4 (Sr),4 Exceeds,2024-10-25
SNDZ1316,Liam,Clark,2017-05-31,,Active,,Sales,Product,EMEA,UK,Female,Asian,58,4 (Sr),3 Meets,2021-12-26
SNDZ1317,Priya,Morgan,2013-10-30,,Active,,Engineering,Product,AMER,US,Male,Caucasian,56,1 (Jr),5 Exceeds,
SNDZ1318,Omar,Shah,2017-03-05,,Active,,HR,Product,AMER,US,Male,Asian,59,4 (Sr),3 Meets,2023-06-01
SNDZ1319,Olivia,Lewis,2021-09-22,,Active,,Engineering,Product,AMER,US,Female,Black,61,5 (Dir),3 Meets,
SNDZ1320,Isabella,Chen,2019-10-27,,Active,,Sales,Enterprise,EMEA,Germany,Male,Asian,60,2 (Mid),3 Meets,
SNDZ1321,Elena,Smith,2021-02-06,,Active,,Sales,Product,EMEA,Germany,Female,Black,39,3 (Mid),2 Below Meets,
SNDZ1322,Jonas,Gupta,2022-01-26,,Active,,Engineering,Audit,AMER,US,Male,Asian,42,4 (Sr),3 Meets,2023-03-10
SNDZ1323,Thomas,Wilson,2021-12-24,,Active,,Engineering,Audit,EMEA,Germany,Male,Black,57,5 (Dir),3 Meets,
SNDZ1324,Hannah,Hoffman,2014-05-10,,Active,,R&D,Talent,AMER,US,Male,Caucasian,43,1 (Jr),5 Exceeds,
SNDZ1325,Grace,Bennett,2022-09-28,,Active,,Engineering,Consumer,APAC,India,Male,Caucasian,37,5 (Dir),4 Exceeds,2024-06-19
SNDZ1326,Alexander,Walker,2021-11-13,,Active,,HR,Enterprise,APAC,China,Female,Asian,47,3 (Mid),3 Meets,2023-01-04
SNDZ1327,Camila,Brown,2016-07-30,,Active,,Sales,Audit,AMER,US,Female,Caucasian,53,4 (Sr),4 Exceeds,2020-06-20
SNDZ1328,Camila,Miller,2013-11-11,,Active,,Engineering,Product,EMEA,UK,Male,Caucasian,40,4 (Sr),4 Exceeds,
SNDZ1329,Nadia,Anderson,2020-05-28,,Active,,HR,Product,AMER,US,Female,Caucasian,33,3 (Mid),3 Meets,2021-06-14
SNDZ1330,Ethan,Taylor,2020-04-18,,Active,,Sales,Enterprise,AMER,US,Female,Asian,65,6 (VP),4 Exceeds,
SNDZ1331,Henry,Miller,2022-08-09,,Active,,Finance,Consumer,AMER,US,Male,Asian,43,5 (Dir),3 Meets,2024-06-18
SNDZ1332,Vikram,Kim,2013-01-04,2016-09-23,Separated,Voluntary,Sales,Consumer,EMEA,UK,Male,Asian,37,3 (Mid),3 Meets,2017-04-17
SNDZ1333,Kabir,Garcia,2021-08-03,,Active,,HR,Consumer,AMER,US,Male,Asian,65,3 (Mid),4 Exceeds,2022-09-23
SNDZ1334,Maya,Kumar,2020-07-08,,Active,,Engineering,Audit,APAC,India,Male,Asian,30,4 (Sr),3 Meets,2023-08-03
SNDZ1335,Julia,Taylor,2023-06-27,,Active,,HR,Talent,APAC,India,Male,Caucasian,46,2 (Mid),3 Meets,2024-10-21
SNDZ1336,Fatima,Morgan,2020-05-12,,Active,,R&D,Product,AMER,US,Female,Caucasian,49,1 (Jr),1 Below Meets,2022-04-09
SNDZ1337,Vikram,Morgan,2022-08-03,2023-02-20,Separated,Voluntary,Engineering,Consumer,AMER,US,Female,Asian,46,2 (Mid),3 Meets,2025-06-16
SNDZ1338,Sophia,Kumar,2020-02-18,,Active,,Sales,Product,AMER,US,Male,Hispanic,57,6 (VP),3 Meets,
SNDZ1339,Sofia,Thompson,2014-11-30,,Active,,Engineering,Enterprise,AMER,US,Male,Caucasian,48,4 (Sr),2 Below Meets,2022-08-10
SNDZ1340,Aisha,Wang,2016-11-05,,Active,,Engineering,Talent,AMER,US,Female,Asian,42,3 (Mid),1 Below Meets,2022-10-17
SNDZ1341,William,Walker,2013-04-04,2024-12-28,Separated,Voluntary,Sales,Talent,AMER,US,Female,Black,52,5 (Dir),3 Meets,2022-05-12
SNDZ1342,Noah,Hoffman,2021-07-08,,Active,,Sales,Product,APAC,India,Male,Caucasian,55,1 (Jr),1 Below Meets,2024-08-02
SNDZ1343,Nadia,Roberts,2013-06-16,,Active,,Engineering,Enterprise,EMEA,UK,Male,Hispanic,52,5 (Dir),4 Exceeds,2021-08-20
SNDZ1344,David,Bennett,2015-02-15,,Active,,Sales,Audit,AMER,US,Female,Black,42,3 (Mid),3 Meets,2021-05-09
SNDZ1345,Emma,Wang,2016-02-01,,Active,,Engineering,Consumer,AMER,US,Male,Caucasian,38,2 (Mid),5 Exceeds,
SNDZ1346,Aarav,Zhang,2014-05-29,,Active,,Sales,Consumer,AMER,US,Male,Caucasian,51,1 (Jr),3 Meets,2017-05-12
SNDZ1347,Hannah,Williams,2022-05-31,,Active,,Engineering,Audit,APAC,India,Female,Asian,33,4 (Sr),3 Meets,
SNDZ1348,Rachel,Johnson,2017-09-11,,Active,,Sales,Product,APAC,China,Female,Caucasian,48,3 (Mid),5 Exceeds,2019-07-19
SNDZ1349,Camila,Bennett,2014-03-25,,Active,,Sales,Consumer,AMER,US,Male,Black,39,5 (Dir),1 Below Meets,
SNDZ1350,Arjun,Lewis,2015-10-11,,Active,,HR,Enterprise,AMER,US,Female,Caucasian,38,2 (Mid),4 Exceeds,
SNDZ1351,Olivia,Miller,2019-12-05,,Active,,Finance,Enterprise,APAC,India,Male,Asian,43,2 (Mid),3 Meets,2023-10-15
SNDZ1352,Hannah,Miller,2013-02-12,,Active,,Engineering,Consumer,AMER,US,Male,Caucasian,44,1 (Jr),3 Meets,2023-11-13
SNDZ1353,Hannah,Patel,2022-07-03,,Active,,Engineering,Product,AMER,US,Male,Asian,46,1 (Jr),3 Meets,2025-03-20
SNDZ1354,Kabir,Taylor,2015-01-09,,Active,,Sales,Product,APAC,China,Male,Asian,55,1 (Jr),3 Meets,
SNDZ1355,Ethan,Chen,2017-05-28,,Active,,R&D,Product,AMER,US,Male,Asian,65,3 (Mid),3 Meets,2023-07-15
SNDZ1356,Michael,Walker,2018-12-08,,Active,,Engineering,Consumer,AMER,US,Male,Black,53,1 (Jr),3 Meets,2022-10-16
SNDZ1357,James,Roberts,2020-05-27,,Active,,HR,Enterprise,EMEA,UK,Female,Hispanic,46,3 (Mid),4 Exceeds,2024-01-29
SNDZ1358,Liam,Zhang,2018-10-13,,Active,,Engineering,Product,AMER,US,Female,Hispanic,55,3 (Mid),2 Below Meets,2023-06-09
SNDZ1359,Daniel,Wang,2020-05-21,,Active,,Engineering,Product,AMER,US,Male,Caucasian,50,4 (Sr),5 Exceeds,2022-11-08
SNDZ1360,Jasmine,Wang,2023-03-31,,Active,,Engineering,Consumer,AMER,US,Female,Hispanic,49,1 (Jr),3 Meets,
SNDZ1361,William,Schmidt,2020-09-18,,Active,,Engineering,Audit,AMER,US,Female,Hispanic,49,2 (Mid),2 Below Meets,2023-05-03
SNDZ1362,Ryan,Walker,2022-02-05,,Active,,HR,Consumer,AMER,US,Female,Black,41,2 (Mid),3 Meets,2025-01-02
SNDZ1363,Sophia,Davis,2015-11-25,,Active,,Engineering,Consumer,AMER,US,Female,Asian,29,2 (Mid),4 Exceeds,2024-04-12
SNDZ1364,Daniel,Nguyen,2021-12-19,,Active,,HR,Product,APAC,China,Female,Hispanic,54,2 (Mid),4 Exceeds,2023-05-17
SNDZ1365,Grace,Davis,2023-03-21,,Active,,Sales,Enterprise,AMER,US,Male,Hispanic,35,3 (Mid),3 Meets,2024-11-17
SNDZ1366,Olivia,Hoffman,2013-04-09,,Active,,Engineering,Consumer,AMER,US,Male,Black,53,4 (Sr),3 Meets,2016-06-25
SNDZ1367,Hannah,Williams,2020-04-30,,Active,,R&D,Audit,AMER,US,Female,Asian,22,2 (Mid),1 Below Meets,2021-10-03
SNDZ1368,Arjun,Thomas,2022-05-16,2022-09-13,Separated,Voluntary,Engineering,Talent,EMEA,UK,Female,Black,43,1 (Jr),3 Meets,
SNDZ1369,Kabir,Khan,2015-09-15,,Active,,Sales,Enterprise,AMER,US,Female,Asian,32,3 (Mid),2 Below Meets,
SNDZ1370,Noah,Harris,2014-05-17,,Active,,R&D,Consumer,APAC,China,Female,Asian,48,3 (Mid),2 Below Meets,
SNDZ1371,Thomas,Thompson,2019-08-23,,Active,,Sales,Consumer,EMEA,Germany,Male,Caucasian,30,3 (Mid),4 Exceeds,2020-12-17
SNDZ1372,Henry,Thompson,2014-08-10,,Active,,Sales,Product,AMER,US,Female,Black,23,5 (Dir),3 Meets,2024-03-06
SNDZ1373,Aarav,Patel,2018-11-02,,Active,,Sales,Consumer,APAC,China,Female,Black,49,5 (Dir),2 Below Meets,
SNDZ1374,Camila,Johnson,2022-08-28,,Active,,R&D,Consumer,AMER,US,Male,Caucasian,37,1 (Jr),3 Meets,
SNDZ1375,Camila,Morgan,2016-06-06,,Active,,Engineering,Consumer,EMEA,Germany,Female,Caucasian,33,3 (Mid),3 Meets,2024-04-28
SNDZ1376,Hannah,Zhang,2019-08-20,,Active,,Engineering,Talent,AMER,Brazil,Female,Hispanic,59,1 (Jr),4 Exceeds,2024-09-02
SNDZ1377,Noah,Brown,2015-07-27,,Active,,Engineering,Consumer,AMER,US,Male,Black,47,4 (Sr),5 Exceeds,2023-08-22
SNDZ1378,Michael,Schmidt,2017-10-17,,Active,,Sales,Consumer,APAC,India,Male,Caucasian,39,3 (Mid),2 Below Meets,2018-11-30
SNDZ1379,Benjamin,Morgan,2019-02-18,,Active,,Engineering,Audit,AMER,US,Male,Asian,60,1 (Jr),3 Meets,
SNDZ1380,Michael,Lee,2023-03-29,2023-05-10,Separated,Voluntary,R&D,Consumer,AMER,US,Male,Asian,39,1 (Jr),3 Meets,2024-04-02
SNDZ1381,Vikram,Nguyen,2019-09-25,,Active,,R&D,Talent,AMER,US,Male,Caucasian,40,1 (Jr),3 Meets,2023-09-04
SNDZ1382,David,Clark,2020-08-26,,Active,,R&D,Talent,AMER,US,Male,Caucasian,38,1 (Jr),1 Below Meets,2022-12-13
SNDZ1383,Aarav,Williams,2022-11-26,,Active,,Engineering,Talent,EMEA,UK,Female,Hispanic,42,5 (Dir),1 Below Meets,2025-02-15
SNDZ1384,Jonas,Chen,2022-01-19,,Active,,R&D,Enterprise,APAC,India,Male,Asian,22,1 (Jr),3 Meets,2024-08-25
SNDZ1385,Rachel,Lewis,2017-10-23,,Active,,Sales,Consumer,APAC,China,Female,Caucasian,48,3 (Mid),3 Meets,
SNDZ1386,Lucas,Hoffman,2020-08-02,,Active,,Finance,Consumer,APAC,India,Female,Caucasian,45,5 (Dir),3 Meets,2024-08-10
SNDZ1387,Michael,Walker,2017-09-28,,Active,,Engineering,Consumer,AMER,US,Female,Hispanic,52,4 (Sr),3 Meets,
SNDZ1388,Ryan,Lewis,2019-07-10,,Active,,Engineering,Enterprise,AMER,US,Female,Black,48,2 (Mid),3 Meets,2024-12-18
SNDZ1389,Aisha,Williams,2016-07-08,,Active,,Engineering,Consumer,AMER,US,Female,Asian,48,1 (Jr),3 Meets,
SNDZ1390,Elena,Shah,2023-03-17,,Active,,Finance,Talent,AMER,US,Female,Hispanic,34,1 (Jr),3 Meets,2025-01-26
SNDZ1391,Vikram,Davis,2015-05-26,,Active,,Engineering,Consumer,AMER,US,Female,Caucasian,42,5 (Dir),4 Exceeds,2022-04-27
SNDZ1392,Alexander,Thompson,2016-02-12,,Active,,R&D,Talent,AMER,US,Male,Hispanic,46,3 (Mid),3 Meets,
SNDZ1393,Julia,Brown,2019-10-14,2024-01-03,Separated,Voluntary,R&D,Enterprise,AMER,US,Female,Hispanic,59,1 (Jr),2 Below Meets,
SNDZ1394,David,Thompson,2013-03-11,,Active,,Finance,Enterprise,AMER,US,Male,Asian,40,3 (Mid),4 Exceeds,2022-02-07
SNDZ1395,Elena,Hoffman,2016-07-13,,Active,,Sales,Audit,AMER,US,Male,Black,44,4 (Sr),3 Meets,
SNDZ1396,Ravi,Thomas,2017-08-25,,Active,,Finance,Consumer,EMEA,Germany,Male,Caucasian,32,4 (Sr),4 Exceeds,2022-06-29
SNDZ1397,Camila,Taylor,2022-08-30,,Active,,R&D,Consumer,AMER,US,Male,Black,45,1 (Jr),3 Meets,2024-11-19
SNDZ1398,Omar,Schmidt,2020-12-10,,Active,,R&D,Product,AMER,US,Female,Asian,56,5 (Dir),3 Meets,2022-11-28
SNDZ1399,Omar,Morgan,2015-10-01,,Active,,HR,Consumer,AMER,US,Male,Caucasian,39,2 (Mid),3 Meets,2016-11-18
SNDZ1400,Isabella,Thompson,2020-05-28,2023-02-13,Separated,Voluntary,Sales,Product,APAC,India,Male,Caucasian,51,3 (Mid),3 Meets,
SNDZ1401,Isabella,Nguyen,2020-10-17,,Active,,Engineering,Enterprise,AMER,US,Female,Caucasian,47,2 (Mid),3 Meets,2025-06-24
SNDZ1402,Michael,Garcia,2021-12-26,,Active,,Engineering,Consumer,EMEA,Germany,Male,Hispanic,52,4 (Sr),1 Below Meets,
SNDZ1403,Elena,Williams,2013-02-10,,Active,,Engineering,Product,AMER,US,Male,Asian,42,2 (Mid),2 Below Meets,2020-06-14
SNDZ1404,Camila,Wilson,2022-08-16,,Active,,Engineering,Product,AMER,US,Female,Caucasian,35,6 (VP),3 Meets,2024-12-03
SNDZ1405,James,Roberts,2014-03-18,,Active,,R&D,Consumer,AMER,US,Female,Asian,51,2 (Mid),4 Exceeds,
SNDZ1406,Elena,Gupta,2016-11-14,,Active,,Finance,Audit,AMER,US,Male,Asian,52,2 (Mid),4 Exceeds,2023-08-29
SNDZ1407,Sophia,Miller,2023-04-06,,Active,,Engineering,Product,AMER,US,Male,Black,28,5 (Dir),2 Below Meets,2024-09-16
SNDZ1408,Noah,Walker,2021-07-26,,Active,,Engineering,Product,AMER,US,Female,Hispanic,40,4 (Sr),4 Exceeds,2024-02-01
SNDZ1409,Aarav,Nguyen,2019-05-18,,Active,,Finance,Consumer,AMER,US,Male,Asian,52,5 (Dir),4 Exceeds,2025-04-04
SNDZ1410,David,Wang,2018-06-22,,Active,,Engineering,Enterprise,AMER,US,Female,Caucasian,43,5 (Dir),3 Meets,2020-03-15
SNDZ1411,Arjun,Roberts,2023-09-19,,Active,,Sales,Product,AMER,US,Female,Black,31,1 (Jr),5 Exceeds,
SNDZ1412,Priya,Walker,2014-02-13,2020-05-04,Separated,Voluntary,Engineering,Audit,AMER,US,Female,Asian,29,2 (Mid),4 Exceeds,
SNDZ1413,Jasmine,Williams,2013-11-21,,Active,,Engineering,Talent,APAC,China,Female,Black,52,5 (Dir),2 Below Meets,2019-03-10
SNDZ1414,Aarav,Nguyen,2023-08-12,,Active,,Finance,Enterprise,AMER,US,Female,Hispanic,36,2 (Mid),4 Exceeds,2025-06-29
SNDZ1415,Hannah,Morgan,2020-06-26,,Active,,R&D,Product,AMER,US,Male,Caucasian,52,4 (Sr),3 Meets,2025-03-06
SNDZ1416,Arjun,Thomas,2017-07-01,,Active,,Engineering,Consumer,AMER,US,Male,Caucasian,53,4 (Sr),4 Exceeds,2020-04-23
SNDZ1417,James,Chen,2016-10-31,,Active,,Engineering,Audit,AMER,US,Female,Asian,55,4 (Sr),4 Exceeds,2019-04-16
SNDZ1418,Vikram,Williams,2019-04-20,,Active,,Engineering,Talent,AMER,US,Male,Black,31,4 (Sr),2 Below Meets,2021-08-31
SNDZ1419,Arjun,Chen,2015-01-18,2021-03-24,Separated,Voluntary,Sales,Audit,EMEA,Germany,Female,Black,28,1 (Jr),3 Meets,2019-01-24
SNDZ1420,Fatima,Nguyen,2013-11-03,,Active,,Sales,Consumer,EMEA,UK,Female,Asian,34,5 (Dir),4 Exceeds,2015-04-03
SNDZ1421,William,Wang,2022-02-16,2022-12-21,Separated,Voluntary,Engineering,Enterprise,AMER,Brazil,Male,Asian,60,1 (Jr),3 Meets,
SNDZ1422,Julia,Khan,2016-03-21,,Active,,Sales,Consumer,APAC,China,Female,Asian,59,2 (Mid),3 Meets,
SNDZ1423,Benjamin,Thompson,2016-10-28,,Active,,Engineering,Enterprise,AMER,Brazil,Male,Hispanic,44,2 (Mid),3 Meets,
SNDZ1424,Ryan,Lewis,2013-04-15,,Active,,R&D,Talent,AMER,US,Female,Hispanic,44,1 (Jr),3 Meets,
SNDZ1425,Fatima,Kumar,2017-05-01,,Active,,HR,Product,AMER,US,Female,Black,55,1 (Jr),4 Exceeds,2020-06-28
SNDZ1426,Benjamin,Nguyen,2023-04-13,,Active,,R&D,Consumer,EMEA,Germany,Male,Hispanic,50,1 (Jr),3 Meets,2024-06-29
SNDZ1427,Aisha,Morgan,2022-04-30,,Active,,R&D,Consumer,AMER,Brazil,Female,Caucasian,42,3 (Mid),3 Meets,
SNDZ1428,Aisha,Zhang,2016-03-20,,Active,,R&D,Consumer,AMER,US,Male,Caucasian,45,1 (Jr),3 Meets,2024-06-29
SNDZ1429,Emma,Taylor,2018-05-12,,Active,,Sales,Product,AMER,US,Male,Asian,42,3 (Mid),3 Meets,2021-03-28
SNDZ1430,Arjun,Miller,2017-09-22,,Active,,Sales,Product,AMER,US,Female,Asian,22,6 (VP),3 Meets,2025-01-18
SNDZ1431,Noah,Brown,2017-05-19,,Active,,R&D,Enterprise,AMER,US,Male,Caucasian,43,1 (Jr),3 Meets,
SNDZ1432,Aarav,Garcia,2013-12-28,,Active,,R&D,Consumer,AMER,US,Female,Asian,46,5 (Dir),2 Below Meets,2021-06-23
SNDZ1433,Priya,Harris,2013-07-29,,Active,,R&D,Product,EMEA,Germany,Female,Hispanic,36,2 (Mid),3 Meets,
SNDZ1434,Sofia,Roberts,2022-05-08,,Active,,Sales,Audit,AMER,US,Female,Hispanic,28,4 (Sr),3 Meets,2024-11-26
SNDZ1435,Daniel,Thompson,2018-09-05,,Active,,Engineering,Talent,AMER,US,Female,Black,51,2 (Mid),4 Exceeds,2023-05-20
SNDZ1436,Jasmine,Clark,2018-02-14,2021-05-06,Separated,Voluntary,Engineering,Enterprise,APAC,India,Female,Asian,35,2 (Mid),1 Below Meets,2023-10-09
SNDZ1437,Aarav,Thomas,2021-08-23,2022-06-27,Separated,Voluntary,Sales,Product,AMER,US,Male,Hispanic,46,1 (Jr),4 Exceeds,2023-10-09
SNDZ1438,Thomas,Morgan,2023-07-10,,Active,,HR,Consumer,AMER,US,Female,Hispanic,43,1 (Jr),3 Meets,
SNDZ1439,Jasmine,Patel,2013-11-13,,Active,,Sales,Product,AMER,US,Female,Asian,44,2 (Mid),1 Below Meets,2022-01-21
SNDZ1440,Amelia,Thompson,2020-06-28,2023-02-27,Separated,Voluntary,HR,Consumer,AMER,US,Female,Black,56,2 (Mid),5 Exceeds,
SNDZ1441,Daniel,Taylor,2023-03-20,2023-11-16,Separated,Voluntary,Engineering,Product,AMER,US,Male,Asian,33,4 (Sr),2 Below Meets,
SNDZ1442,Omar,Brown,2013-07-04,,Active,,Engineering,Consumer,EMEA,UK,Female,Black,44,2 (Mid),3 Meets,
SNDZ1443,Maya,Kumar,2016-03-25,2018-05-27,Separated,Voluntary,R&D,Enterprise,AMER,US,Female,Caucasian,27,2 (Mid),5 Exceeds,2020-03-04
SNDZ1444,Daniel,Zhang,2021-05-16,,Active,,Finance,Enterprise,AMER,Brazil,Female,Asian,29,3 (Mid),1 Below Meets,
SNDZ1445,Ravi,Kumar,2015-12-03,,Active,,Sales,Enterprise,AMER,US,Male,Hispanic,42,3 (Mid),3 Meets,2019-01-21
SNDZ1446,Jonas,Kim,2022-12-26,,Active,,Sales,Enterprise,AMER,US,Female,Caucasian,51,2 (Mid),4 Exceeds,
SNDZ1447,Julia,Shah,2015-07-11,,Active,,R&D,Consumer,AMER,US,Female,Hispanic,56,6 (VP),1 Below Meets,2017-03-06
SNDZ1448,Olivia,Thompson,2019-04-14,,Active,,Sales,Consumer,AMER,US,Male,Asian,37,3 (Mid),3 Meets,2021-01-03
SNDZ1449,Aarav,Roberts,2019-04-18,,Active,,Engineering,Talent,AMER,US,Male,Black,45,4 (Sr),2 Below Meets,2021-12-23
SNDZ1450,Maya,Wilson,2019-01-30,2022-04-25,Separated,Voluntary,Engineering,Consumer,APAC,India,Male,Asian,50,4 (Sr),4 Exceeds,2023-03-10
SNDZ1451,William,Gupta,2016-11-21,,Active,,Engineering,Consumer,AMER,US,Male,Asian,31,2 (Mid),3 Meets,2018-06-17
SNDZ1452,Benjamin,Williams,2015-06-21,,Active,,Finance,Enterprise,AMER,US,Male,Black,36,5 (Dir),3 Meets,
SNDZ1453,James,Khan,2013-08-09,,Active,,Engineering,Enterprise,AMER,US,Male,Caucasian,44,4 (Sr),2 Below Meets,
SNDZ1454,Chloe,Smith,2020-01-02,,Active,,Finance,Enterprise,EMEA,UK,Female,Hispanic,47,3 (Mid),4 Exceeds,2025-01-21
SNDZ1455,Emma,Davis,2016-12-10,,Active,,R&D,Consumer,AMER,US,Male,Asian,57,3 (Mid),4 Exceeds,
SNDZ1456,Arjun,Wang,2013-03-25,,Active,,R&D,Consumer,AMER,US,Female,Black,46,2 (Mid),5 Exceeds,
SNDZ1457,Camila,Schmidt,2023-08-15,,Active,,Finance,Product,AMER,US,Female,Caucasian,31,4 (Sr),3 Meets,
SNDZ1458,Arjun,Thomas,2016-03-16,,Active,,Sales,Talent,AMER,US,Female,Asian,23,2 (Mid),3 Meets,2020-07-29
SNDZ1459,Sophia,Morgan,2013-08-28,,Active,,Sales,Consumer,AMER,US,Male,Hispanic,22,2 (Mid),3 Meets,2023-11-13
SNDZ1460,Vikram,Lewis,2020-05-02,,Active,,Engineering,Audit,EMEA,Germany,Male,Caucasian,32,1 (Jr),4 Exceeds,
SNDZ1461,Daniel,Nguyen,2013-06-16,,Active,,Sales,Product,AMER,US,Female,Asian,52,5 (Dir),2 Below Meets,2022-10-05
SNDZ1462,Daniel,Hoffman,2022-06-06,,Active,,Sales,Product,AMER,US,Female,Hispanic,36,2 (Mid),3 Meets,2024-05-08
SNDZ1463,Isabella,Harris,2022-11-19,,Active,,R&D,Enterprise,AMER,Brazil,Male,Asian,40,1 (Jr),4 Exceeds,2024-08-11
SNDZ1464,Jasmine,Kumar,2019-03-06,,Active,,Sales,Consumer,EMEA,Germany,Male,Asian,57,1 (Jr),3 Meets,2025-03-03
SNDZ1465,Priya,Thomas,2022-03-09,,Active,,Finance,Consumer,AMER,US,Male,Caucasian,30,5 (Dir),3 Meets,
SNDZ1466,Daniel,Morgan,2018-08-27,,Active,,Sales,Enterprise,AMER,US,Male,Caucasian,43,4 (Sr),4 Exceeds,2020-02-13
SNDZ1467,Jonas,Miller,2021-12-24,,Active,,R&D,Product,EMEA,UK,Female,Asian,25,4 (Sr),4 Exceeds,
SNDZ1468,Ryan,Walker,2017-07-14,,Active,,HR,Talent,AMER,US,Female,Caucasian,54,4 (Sr),1 Below Meets,
SNDZ1469,Ryan,Patel,2015-06-20,,Active,,Engineering,Consumer,AMER,US,Female,Hispanic,37,5 (Dir),1 Below Meets,
SNDZ1470,Elena,Clark,2017-06-27,,Active,,HR,Enterprise,APAC,India,Male,Hispanic,48,2 (Mid),4 Exceeds,
SNDZ1471,Liam,Wilson,2021-12-13,,Active,,HR,Consumer,AMER,US,Female,Black,53,4 (Sr),3 Meets,
SNDZ1472,Jonas,Zhang,2021-06-19,,Active,,R&D,Product,AMER,US,Female,Black,33,6 (VP),3 Meets,2024-05-31
SNDZ1473,Isabella,Morgan,2021-10-04,,Active,,Sales,Audit,EMEA,UK,Male,Asian,33,4 (Sr),3 Meets,
SNDZ1474,Aarav,Miller,2017-03-04,2024-10-16,Separated,Voluntary,Engineering,Enterprise,AMER,US,Female,Asian,55,2 (Mid),3 Meets,2020-05-16
SNDZ1475,Chloe,Wilson,2021-12-17,,Active,,HR,Consumer,AMER,US,Female,Asian,26,1 (Jr),3 Meets,2024-05-23
SNDZ1476,Ryan,Johnson,2015-03-28,,Active,,Engineering,Enterprise,AMER,US,Male,Asian,34,3 (Mid),1 Below Meets,2024-10-25
SNDZ1477,Sofia,Lewis,2021-11-17,,Active,,Sales,Product,AMER,US,Male,Asian,55,2 (Mid),3 Meets,2023-12-24
SNDZ1478,Maya,Anderson,2013-03-09,,Active,,R&D,Talent,AMER,US,Female,Caucasian,42,1 (Jr),2 Below Meets,
SNDZ1479,Nadia,Thompson,2023-06-04,,Active,,R&D,Talent,AMER,US,Female,Black,34,3 (Mid),1 Below Meets,2024-12-16
SNDZ1480,Liam,Johnson,2016-10-19,2021-03-26,Separated,Voluntary,Sales,Consumer,AMER,US,Female,Caucasian,33,1 (Jr),3 Meets,
SNDZ1481,Ravi,Gupta,2015-07-29,,Active,,Finance,Consumer,APAC,India,Female,Caucasian,43,4 (Sr),4 Exceeds,2024-04-02
SNDZ1482,William,Chen,2017-06-06,,Active,,Sales,Consumer,AMER,US,Female,Caucasian,62,1 (Jr),3 Meets,2020-04-26
SNDZ1483,Alexander,Davis,2016-09-06,,Active,,HR,Enterprise,AMER,US,Male,Caucasian,65,4 (Sr),2 Below Meets,
SNDZ1484,Priya,Smith,2020-11-29,2021-08-13,Separated,Voluntary,R&D,Product,AMER,US,Female,Black,41,1 (Jr),3 Meets,2023-06-11
SNDZ1485,Elena,Kim,2015-07-16,,Active,,HR,Enterprise,AMER,US,Female,Asian,39,4 (Sr),3 Meets,2024-02-03
SNDZ1486,Arjun,Clark,2013-06-23,,Active,,Engineering,Consumer,AMER,US,Female,Asian,56,3 (Mid),3 Meets,
SNDZ1487,Omar,Thomas,2018-05-07,,Active,,Engineering,Enterprise,AMER,US,Male,Hispanic,61,1 (Jr),3 Meets,2025-03-30
SNDZ1488,James,Patel,2014-12-16,,Active,,HR,Consumer,AMER,US,Female,Asian,41,3 (Mid),4 Exceeds,2016-04-27
SNDZ1489,Priya,Davis,2013-05-21,,Active,,Sales,Product,EMEA,Germany,Male,Asian,29,5 (Dir),2 Below Meets,2024-10-05
SNDZ1490,Sophia,Gupta,2020-01-02,,Active,,Finance,Product,AMER,US,Male,Asian,34,3 (Mid),4 Exceeds,
SNDZ1491,Hannah,Roberts,2018-07-21,,Active,,HR,Audit,AMER,US,Female,Asian,51,3 (Mid),3 Meets,2021-02-10
SNDZ1492,Sofia,Lee,2014-02-28,,Active,,Engineering,Enterprise,AMER,US,Male,Asian,26,4 (Sr),2 Below Meets,2020-12-12
SNDZ1493,Alexander,Nguyen,2017-09-01,,Active,,Engineering,Consumer,AMER,US,Female,Caucasian,42,1 (Jr),3 Meets,2020-09-30
SNDZ1494,William,Nguyen,2023-09-07,,Active,,Sales,Product,AMER,US,Male,Asian,46,3 (Mid),3 Meets,
SNDZ1495,Sophia,Miller,2017-03-14,2020-01-30,Separated,Voluntary,Finance,Consumer,AMER,US,Female,Asian,50,2 (Mid),3 Meets,
SNDZ1496,Sofia,Johnson,2017-04-26,,Active,,Engineering,Consumer,AMER,US,Female,Asian,45,3 (Mid),1 Below Meets,
SNDZ1497,Noah,Williams,2015-03-13,,Active,,Sales,Consumer,AMER,US,Female,Asian,44,5 (Dir),3 Meets,
SNDZ1498,Aarav,Schmidt,2018-12-25,,Active,,Engineering,Enterprise,AMER,US,Male,Caucasian,33,4 (Sr),4 Exceeds,2024-06-15
SNDZ1499,Maya,Hoffman,2022-09-26,2023-04-07,Separated,Voluntary,Sales,Product,AMER,US,Male,Asian,44,1 (Jr),5 Exceeds,2025-05-01
SNDZ1500,Rachel,Lewis,2017-07-26,,Active,,Sales,Product,AMER,US,Male,Caucasian,45,3 (Mid),1 Below Meets,
SNDZ1501,Camila,Thomas,2023-09-24,,Active,,Sales,Enterprise,AMER,Brazil,Female,Black,35,2 (Mid),3 Meets,2025-02-12
SNDZ1502,Nadia,Lee,2015-10-06,,Active,,R&D,Product,AMER,US,Male,Hispanic,44,2 (Mid),4 Exceeds,2020-10-09
SNDZ1503,Priya,Lewis,2015-06-25,,Active,,Sales,Talent,AMER,US,Female,Black,38,1 (Jr),4 Exceeds,2023-09-20
SNDZ1504,Hannah,Harris,2014-07-14,,Active,,R&D,Consumer,AMER,US,Female,Hispanic,48,4 (Sr),3 Meets,
SNDZ1505,Thomas,Nguyen,2016-07-13,,Active,,Engineering,Enterprise,APAC,China,Female,Caucasian,30,7 (Admin),4 Exceeds,2023-05-15
SNDZ1506,Jasmine,Johnson,2018-05-18,,Active,,Finance,Consumer,AMER,US,Male,Black,42,3 (Mid),4 Exceeds,2021-01-04
SNDZ1507,Thomas,Wang,2021-12-17,,Active,,R&D,Product,AMER,US,Male,Black,39,2 (Mid),2 Below Meets,2023-09-16
SNDZ1508,Jonas,Davis,2021-08-20,,Active,,Sales,Enterprise,AMER,US,Male,Hispanic,44,1 (Jr),3 Meets,
SNDZ1509,David,Schmidt,2020-04-25,,Active,,Sales,Consumer,APAC,China,Female,Asian,53,4 (Sr),3 Meets,
SNDZ1510,David,Wilson,2019-01-09,2022-02-02,Separated,Voluntary,Engineering,Talent,AMER,US,Female,Hispanic,45,3 (Mid),4 Exceeds,2022-11-09
SNDZ1511,David,Smith,2021-01-03,,Active,,Sales,Enterprise,AMER,US,Female,Hispanic,56,2 (Mid),3 Meets,2022-05-09
SNDZ1512,Sophia,Shah,2018-06-19,,Active,,Sales,Talent,AMER,US,Female,Black,44,4 (Sr),1 Below Meets,2021-07-07
SNDZ1513,Ravi,Bennett,2021-07-31,,Active,,Engineering,Consumer,AMER,US,Male,Asian,22,7 (Admin),1 Below Meets,2022-10-20
SNDZ1514,Isabella,Taylor,2020-07-05,,Active,,Engineering,Talent,AMER,US,Male,Hispanic,51,4 (Sr),3 Meets,2021-11-19
SNDZ1515,Michael,Taylor,2021-10-31,,Active,,Sales,Product,AMER,Brazil,Male,Asian,43,3 (Mid),4 Exceeds,2024-10-07
SNDZ1516,Ethan,Harris,2021-07-08,,Active,,Engineering,Consumer,AMER,Brazil,Male,Hispanic,22,4 (Sr),3 Meets,
SNDZ1517,Sophia,Roberts,2019-04-22,,Active,,Engineering,Product,AMER,US,Male,Caucasian,49,2 (Mid),4 Exceeds,
SNDZ1518,Olivia,Anderson,2022-08-13,,Active,,Finance,Talent,AMER,US,Female,Black,44,4 (Sr),3 Meets,2024-04-07
SNDZ1519,Vikram,Thompson,2014-11-11,2023-04-13,Separated,Voluntary,Engineering,Talent,AMER,US,Female,Caucasian,49,2 (Mid),4 Exceeds,
SNDZ1520,Kabir,Lee,2017-06-28,,Active,,Sales,Talent,AMER,US,Male,Hispanic,55,3 (Mid),2 Below Meets,2019-01-12
SNDZ1521,Henry,Walker,2017-08-23,,Active,,R&D,Consumer,AMER,US,Female,Asian,59,4 (Sr),3 Meets,
SNDZ1522,Amelia,Lee,2021-11-27,,Active,,R&D,Consumer,AMER,US,Female,Hispanic,45,1 (Jr),3 Meets,2025-03-05
SNDZ1523,Alexander,Roberts,2021-11-27,,Active,,Finance,Product,AMER,US,Female,Caucasian,41,5 (Dir),3 Meets,2023-09-27
SNDZ1524,Daniel,Schmidt,2013-07-28,,Active,,R&D,Enterprise,AMER,US,Male,Caucasian,44,4 (Sr),4 Exceeds,
SNDZ1525,Vikram,Davis,2013-03-22,,Active,,Finance,Product,APAC,China,Female,Black,47,7 (Admin),1 Below Meets,
SNDZ1526,Sofia,Kumar,2022-09-22,,Active,,Engineering,Consumer,AMER,US,Female,Black,38,2 (Mid),3 Meets,
SNDZ1527,Isabella,Walker,2020-11-30,,Active,,Engineering,Talent,EMEA,UK,Female,Hispanic,46,5 (Dir),4 Exceeds,2022-05-23
SNDZ1528,Elena,Roberts,2023-08-11,,Active,,Sales,Product,AMER,US,Female,Black,51,2 (Mid),3 Meets,
SNDZ1529,Aisha,Clark,2019-06-24,,Active,,Engineering,Consumer,AMER,US,Female,Caucasian,47,5 (Dir),4 Exceeds,
SNDZ1530,Omar,Gupta,2014-12-11,,Active,,Finance,Consumer,EMEA,Germany,Female,Caucasian,47,7 (Admin),2 Below Meets,2016-07-07
SNDZ1531,Thomas,Roberts,2013-10-17,2017-11-24,Separated,Voluntary,Sales,Enterprise,APAC,India,Male,Asian,41,2 (Mid),4 Exceeds,
SNDZ1532,Omar,Morgan,2021-10-27,2022-05-26,Separated,Voluntary,R&D,Enterprise,AMER,US,Female,Asian,30,2 (Mid),4 Exceeds,
SNDZ1533,Arjun,Clark,2018-08-08,,Active,,Finance,Consumer,AMER,US,Male,Asian,46,5 (Dir),1 Below Meets,2022-05-27
SNDZ1534,Jonas,Morgan,2021-05-05,,Active,,Engineering,Enterprise,EMEA,Germany,Female,Asian,50,6 (VP),5 Exceeds,
SNDZ1535,Aisha,Walker,2014-08-13,2024-11-27,Separated,Voluntary,Engineering,Product,AMER,US,Male,Asian,48,1 (Jr),2 Below Meets,2018-04-28
SNDZ1536,Isabella,Khan,2014-07-12,2018-04-14,Separated,Voluntary,R&D,Talent,APAC,China,Female,Black,38,5 (Dir),2 Below Meets,2023-05-29
SNDZ1537,Liam,Harris,2016-01-11,,Active,,R&D,Consumer,APAC,China,Male,Black,35,3 (Mid),4 Exceeds,2019-02-26
SNDZ1538,Henry,Anderson,2014-12-07,,Active,,Engineering,Product,AMER,US,Female,Asian,36,4 (Sr),1 Below Meets,
SNDZ1539,Camila,Patel,2015-05-02,,Active,,Sales,Enterprise,AMER,US,Female,Asian,42,7 (Admin),4 Exceeds,2025-01-18
SNDZ1540,Maya,Anderson,2013-09-23,,Active,,HR,Consumer,AMER,US,Male,Black,35,5 (Dir),5 Exceeds,
SNDZ1541,Camila,Walker,2023-05-25,,Active,,HR,Consumer,AMER,US,Male,Caucasian,26,1 (Jr),5 Exceeds,2024-12-26
SNDZ1542,Michael,Garcia,2022-07-20,,Active,,Engineering,Consumer,AMER,US,Female,Asian,43,3 (Mid),4 Exceeds,2024-01-11
SNDZ1543,Nadia,Gupta,2022-12-03,,Active,,Sales,Audit,AMER,US,Female,Asian,65,4 (Sr),2 Below Meets,2025-05-01
SNDZ1544,Alexander,Hoffman,2023-07-04,,Active,,Finance,Enterprise,AMER,US,Female,Asian,36,3 (Mid),2 Below Meets,2025-04-26
SNDZ1545,David,Zhang,2013-06-23,,Active,,R&D,Consumer,AMER,US,Male,Black,34,4 (Sr),3 Meets,2021-08-02
SNDZ1546,Nadia,Garcia,2022-11-13,,Active,,R&D,Enterprise,EMEA,Germany,Female,Black,22,5 (Dir),2 Below Meets,2024-12-20
SNDZ1547,Maya,Hoffman,2013-10-10,,Active,,Engineering,Product,EMEA,Germany,Male,Asian,32,4 (Sr),3 Meets,2020-09-10
SNDZ1548,Vikram,Hoffman,2015-07-27,,Active,,Sales,Product,AMER,US,Female,Asian,50,2 (Mid),4 Exceeds,2021-10-02
SNDZ1549,David,Chen,2022-10-15,,Active,,Engineering,Consumer,APAC,China,Female,Hispanic,59,4 (Sr),2 Below Meets,2024-06-21
SNDZ1550,Fatima,Smith,2018-08-30,,Active,,R&D,Consumer,AMER,US,Male,Black,50,3 (Mid),4 Exceeds,2023-02-17
SNDZ1551,Arjun,Morgan,2018-04-12,,Active,,Sales,Enterprise,APAC,India,Male,Asian,38,2 (Mid),4 Exceeds,2020-02-04
SNDZ1552,Jasmine,Bennett,2023-06-27,,Active,,Finance,Consumer,AMER,US,Female,Asian,51,3 (Mid),4 Exceeds,2025-05-05
SNDZ1553,Sophia,Clark,2020-11-05,,Active,,R&D,Consumer,APAC,China,Female,Caucasian,33,4 (Sr),4 Exceeds,2025-05-31
SNDZ1554,David,Wang,2020-07-30,,Active,,Engineering,Consumer,AMER,US,Female,Caucasian,43,2 (Mid),5 Exceeds,
SNDZ1555,Ryan,Williams,2023-08-29,2024-03-17,Separated,Voluntary,R&D,Enterprise,AMER,US,Female,Black,40,2 (Mid),5 Exceeds,2025-04-12
SNDZ1556,Kabir,Gupta,2022-08-01,,Active,,R&D,Product,AMER,US,Male,Asian,53,1 (Jr),4 Exceeds,2024-08-22
SNDZ1557,Grace,Davis,2014-05-09,,Active,,Engineering,Consumer,AMER,US,Female,Caucasian,53,4 (Sr),5 Exceeds,2025-03-08
SNDZ1558,Priya,Gupta,2018-08-03,,Active,,R&D,Consumer,APAC,China,Male,Caucasian,46,4 (Sr),2 Below Meets,
SNDZ1559,Sofia,Davis,2018-11-16,,Active,,Engineering,Enterprise,APAC,India,Male,Caucasian,43,6 (VP),3 Meets,2023-11-25
SNDZ1560,Ryan,Smith,2015-02-16,,Active,,R&D,Consumer,AMER,US,Male,Asian,41,3 (Mid),3 Meets,2024-09-11
SNDZ1561,Thomas,Walker,2016-12-17,2018-11-01,Separated,Voluntary,HR,Audit,EMEA,UK,Female,Caucasian,37,5 (Dir),5 Exceeds,
SNDZ1562,Sofia,Schmidt,2022-01-18,,Active,,Sales,Consumer,APAC,India,Male,Asian,47,3 (Mid),2 Below Meets,2024-08-20
SNDZ1563,Emma,Patel,2022-05-25,2022-09-08,Separated,Voluntary,Engineering,Audit,AMER,US,Male,Asian,29,1 (Jr),5 Exceeds,2024-05-26
SNDZ1564,Omar,Clark,2013-02-09,,Active,,Sales,Enterprise,EMEA,UK,Female,Asian,36,2 (Mid),3 Meets,
SNDZ1565,Elena,Johnson,2020-11-02,,Active,,Sales,Audit,AMER,US,Female,Asian,37,5 (Dir),4 Exceeds,2022-06-25
SNDZ1566,James,Davis,2022-08-21,,Active,,Sales,Enterprise,AMER,Brazil,Female,Black,58,4 (Sr),3 Meets,2023-09-11
SNDZ1567,Sofia,Garcia,2023-09-04,,Active,,R&D,Product,AMER,US,Female,Hispanic,64,4 (Sr),4 Exceeds,
SNDZ1568,Camila,Davis,2014-03-09,,Active,,R&D,Audit,AMER,US,Male,Black,65,5 (Dir),1 Below Meets,2015-08-01
SNDZ1569,Maya,Taylor,2022-08-19,,Active,,Sales,Product,EMEA,Germany,Male,Hispanic,46,5 (Dir),4 Exceeds,2024-06-08
SNDZ1570,Priya,Thomas,2021-04-11,,Active,,Engineering,Consumer,AMER,US,Male,Caucasian,29,2 (Mid),3 Meets,2023-04-15
SNDZ1571,Daniel,Khan,2023-02-01,,Active,,Engineering,Consumer,AMER,US,Male,Caucasian,45,3 (Mid),3 Meets,2024-03-23
SNDZ1572,Nadia,Lewis,2017-08-16,,Active,,Engineering,Product,EMEA,UK,Female,Hispanic,40,2 (Mid),4 Exceeds,2021-01-07
SNDZ1573,Chloe,Khan,2013-12-18,,Active,,Engineering,Product,EMEA,Germany,Male,Asian,51,3 (Mid),4 Exceeds,2023-05-19
SNDZ1574,James,Shah,2018-09-12,,Active,,R&D,Audit,AMER,US,Female,Caucasian,34,4 (Sr),4 Exceeds,2024-06-24
SNDZ1575,Michael,Brown,2022-03-06,,Active,,HR,Enterprise,AMER,US,Female,Asian,49,4 (Sr),4 Exceeds,
SNDZ1576,Ryan,Harris,2022-11-03,,Active,,R&D,Consumer,AMER,US,Female,Caucasian,46,4 (Sr),3 Meets,
SNDZ1577,Grace,Chen,2018-07-17,,Active,,Engineering,Enterprise,AMER,US,Female,Asian,33,4 (Sr),4 Exceeds,
SNDZ1578,Noah,Davis,2017-12-09,,Active,,Sales,Consumer,AMER,US,Female,Asian,61,2 (Mid),3 Meets,
SNDZ1579,Amelia,Brown,2013-10-04,,Active,,Sales,Product,AMER,US,Male,Asian,49,4 (Sr),3 Meets,2022-06-04
SNDZ1580,Henry,Miller,2022-02-24,2022-06-25,Separated,Voluntary,Engineering,Enterprise,AMER,US,Female,Caucasian,45,2 (Mid),4 Exceeds,2023-11-03
SNDZ1581,Sofia,Chen,2020-07-29,,Active,,Engineering,Enterprise,AMER,US,Male,Asian,50,4 (Sr),3 Meets,2023-12-12
SNDZ1582,Jonas,Thomas,2018-02-22,,Active,,Engineering,Enterprise,AMER,US,Male,Asian,47,3 (Mid),3 Meets,2021-02-23
SNDZ1583,Daniel,Zhang,2021-02-09,2021-05-25,Separated,Voluntary,R&D,Consumer,EMEA,Germany,Male,Caucasian,47,2 (Mid),3 Meets,2022-08-26
SNDZ1584,Ryan,Smith,2021-02-17,,Active,,Finance,Audit,AMER,US,Female,Asian,65,3 (Mid),5 Exceeds,2022-05-02
SNDZ1585,Ravi,Hoffman,2021-05-05,,Active,,Finance,Consumer,AMER,US,Male,Caucasian,24,5 (Dir),2 Below Meets,2022-08-09
SNDZ1586,Amelia,Roberts,2017-11-10,,Active,,R&D,Enterprise,AMER,US,Male,Asian,26,3 (Mid),3 Meets,
SNDZ1587,Jasmine,Zhang,2022-01-22,,Active,,R&D,Consumer,AMER,Brazil,Male,Black,54,3 (Mid),3 Meets,
SNDZ1588,Henry,Williams,2017-01-29,,Active,,Sales,Enterprise,AMER,US,Female,Asian,30,2 (Mid),1 Below Meets,
SNDZ1589,Camila,Gupta,2022-08-17,,Active,,Sales,Talent,AMER,Brazil,Male,Asian,32,3 (Mid),4 Exceeds,2024-02-05
SNDZ1590,Arjun,Kumar,2021-09-28,,Active,,R&D,Audit,APAC,China,Male,Hispanic,42,6 (VP),1 Below Meets,2022-10-13
SNDZ1591,Olivia,Roberts,2013-12-02,,Active,,Sales,Product,AMER,US,Female,Asian,49,4 (Sr),4 Exceeds,
SNDZ1592,Emma,Taylor,2020-08-09,,Active,,HR,Consumer,AMER,US,Male,Asian,35,3 (Mid),1 Below Meets,2025-01-04
SNDZ1593,Hannah,Miller,2019-05-08,,Active,,R&D,Consumer,AMER,US,Male,Black,43,4 (Sr),3 Meets,2023-06-23
SNDZ1594,William,Williams,2014-12-18,,Active,,Sales,Consumer,EMEA,UK,Male,Caucasian,48,3 (Mid),3 Meets,
SNDZ1595,Michael,Bennett,2014-12-22,,Active,,HR,Consumer,AMER,US,Female,Asian,61,2 (Mid),5 Exceeds,2016-04-18
SNDZ1596,Nadia,Walker,2021-10-13,,Active,,HR,Product,AMER,US,Female,Black,46,1 (Jr),3 Meets,2024-11-10
SNDZ1597,Fatima,Wang,2022-03-18,,Active,,Sales,Audit,AMER,US,Male,Hispanic,49,1 (Jr),3 Meets,
SNDZ1598,Fatima,Chen,2020-12-22,,Active,,HR,Audit,EMEA,Germany,Female,Black,42,4 (Sr),3 Meets,
SNDZ1599,Ravi,Miller,2022-06-23,,Active,,R&D,Talent,AMER,US,Female,Hispanic,59,4 (Sr),4 Exceeds,
SNDZ1600,Ryan,Wang,2020-05-08,,Active,,Engineering,Enterprise,AMER,US,Male,Black,37,2 (Mid),3 Meets,2024-04-25
SNDZ1601,Priya,Johnson,2017-01-02,,Active,,Sales,Consumer,EMEA,Germany,Male,Asian,39,5 (Dir),3 Meets,
SNDZ1602,Jasmine,Kim,2013-06-28,,Active,,Sales,Enterprise,AMER,US,Male,Caucasian,33,4 (Sr),3 Meets,
SNDZ1603,Emma,Schmidt,2017-01-27,,Active,,Engineering,Enterprise,AMER,US,Female,Caucasian,59,4 (Sr),4 Exceeds,
SNDZ1604,David,Chen,2015-07-10,,Active,,R&D,Enterprise,AMER,Brazil,Male,Hispanic,39,3 (Mid),5 Exceeds,
SNDZ1605,Omar,Morgan,2020-09-25,,Active,,Finance,Talent,AMER,US,Male,Black,53,2 (Mid),4 Exceeds,2021-10-30
SNDZ1606,Fatima,Walker,2017-09-29,,Active,,Sales,Consumer,EMEA,Germany,Female,Asian,38,3 (Mid),3 Meets,2019-02-14
SNDZ1607,Rachel,Williams,2019-04-12,,Active,,Engineering,Audit,AMER,US,Female,Asian,48,2 (Mid),5 Exceeds,
SNDZ1608,Chloe,Garcia,2015-04-10,,Active,,Engineering,Enterprise,AMER,US,Male,Asian,38,4 (Sr),3 Meets,2023-12-18
SNDZ1609,Amelia,Johnson,2019-11-03,,Active,,Engineering,Product,APAC,China,Male,Asian,26,3 (Mid),3 Meets,2024-08-14
SNDZ1610,Chloe,Kim,2019-09-07,,Active,,Sales,Enterprise,EMEA,UK,Female,Asian,22,4 (Sr),3 Meets,2024-01-26
SNDZ1611,Sophia,Thompson,2021-05-26,,Active,,Engineering,Enterprise,AMER,US,Male,Hispanic,46,5 (Dir),3 Meets,2023-01-28
SNDZ1612,Ravi,Anderson,2023-08-25,2023-11-21,Separated,Voluntary,Engineering,Product,APAC,China,Male,Asian,56,3 (Mid),4 Exceeds,
SNDZ1613,Chloe,Anderson,2018-10-17,,Active,,R&D,Audit,AMER,US,Female,Caucasian,51,3 (Mid),5 Exceeds,
SNDZ1614,Noah,Schmidt,2016-09-21,,Active,,HR,Product,AMER,Brazil,Female,Black,47,1 (Jr),5 Exceeds,2022-04-17
SNDZ1615,Vikram,Smith,2014-07-21,2021-01-28,Separated,Voluntary,Engineering,Product,AMER,US,Male,Caucasian,33,2 (Mid),4 Exceeds,2017-01-06
SNDZ1616,William,Wang,2015-04-03,,Active,,R&D,Enterprise,EMEA,UK,Male,Black,38,4 (Sr),3 Meets,
SNDZ1617,Michael,Morgan,2018-02-25,,Active,,Engineering,Product,AMER,US,Female,Caucasian,26,2 (Mid),3 Meets,
SNDZ1618,Henry,Johnson,2015-10-05,,Active,,R&D,Consumer,AMER,US,Female,Asian,37,2 (Mid),5 Exceeds,2019-07-19
SNDZ1619,Daniel,Roberts,2015-10-02,,Active,,Finance,Enterprise,AMER,Brazil,Male,Asian,31,3 (Mid),1 Below Meets,2020-06-12
SNDZ1620,Elena,Garcia,2017-11-08,,Active,,R&D,Enterprise,APAC,China,Male,Asian,39,2 (Mid),2 Below Meets,2020-09-16
SNDZ1621,Henry,Taylor,2018-01-01,,Active,,HR,Product,AMER,US,Female,Asian,63,4 (Sr),5 Exceeds,
SNDZ1622,Jonas,Kumar,2018-04-20,,Active,,Engineering,Enterprise,AMER,US,Female,Asian,28,2 (Mid),4 Exceeds,2022-01-13
SNDZ1623,Lucas,Williams,2015-07-19,,Active,,Engineering,Enterprise,EMEA,UK,Male,Black,41,4 (Sr),3 Meets,
SNDZ1624,Julia,Garcia,2020-03-23,,Active,,HR,Audit,AMER,US,Female,Caucasian,48,4 (Sr),2 Below Meets,2025-04-30
SNDZ1625,David,Khan,2021-07-13,,Active,,Sales,Consumer,AMER,US,Male,Hispanic,22,4 (Sr),3 Meets,2024-12-09
SNDZ1626,Daniel,Smith,2022-07-08,,Active,,Engineering,Audit,EMEA,Germany,Female,Black,57,3 (Mid),5 Exceeds,2023-12-15
SNDZ1627,Olivia,Wilson,2022-02-17,,Active,,Engineering,Enterprise,AMER,US,Male,Caucasian,52,4 (Sr),3 Meets,
SNDZ1628,James,Johnson,2021-06-29,,Active,,Engineering,Audit,AMER,US,Male,Asian,49,1 (Jr),4 Exceeds,
SNDZ1629,William,Thompson,2014-11-04,,Active,,Sales,Enterprise,AMER,US,Female,Caucasian,38,1 (Jr),4 Exceeds,
SNDZ1630,Emma,Chen,2017-04-23,2025-12-03,Separated,Voluntary,R&D,Consumer,AMER,US,Male,Asian,47,3 (Mid),4 Exceeds,2018-05-28
SNDZ1631,Sophia,Hoffman,2022-01-01,,Active,,Finance,Product,AMER,US,Male,Asian,42,2 (Mid),3 Meets,
SNDZ1632,Sofia,Shah,2015-06-19,,Active,,Sales,Audit,AMER,US,Male,Asian,55,2 (Mid),3 Meets,2021-05-25
SNDZ1633,Michael,Johnson,2020-10-29,2021-02-19,Separated,Voluntary,Engineering,Consumer,APAC,India,Female,Asian,40,2 (Mid),3 Meets,
SNDZ1634,Vikram,Wilson,2018-12-28,,Active,,Finance,Enterprise,EMEA,UK,Male,Caucasian,32,3 (Mid),3 Meets,
SNDZ1635,Henry,Patel,2016-08-28,2022-07-03,Separated,Voluntary,Sales,Audit,AMER,Brazil,Male,Asian,39,3 (Mid),4 Exceeds,2021-03-01
SNDZ1636,Vikram,Hoffman,2019-02-18,,Active,,R&D,Product,AMER,Brazil,Male,Hispanic,40,3 (Mid),3 Meets,
SNDZ1637,Alexander,Gupta,2019-05-26,,Active,,Finance,Product,AMER,US,Male,Black,40,4 (Sr),2 Below Meets,2022-08-22
SNDZ1638,Aarav,Chen,2017-05-07,,Active,,Engineering,Talent,APAC,China,Female,Caucasian,35,2 (Mid),4 Exceeds,2024-10-06
SNDZ1639,Henry,Smith,2017-02-15,,Active,,Sales,Enterprise,AMER,US,Male,Caucasian,63,3 (Mid),3 Meets,
SNDZ1640,Olivia,Thomas,2023-05-11,,Active,,Sales,Consumer,AMER,US,Female,Asian,35,3 (Mid),3 Meets,2025-02-22
SNDZ1641,Alexander,Lewis,2023-05-13,,Active,,Engineering,Enterprise,AMER,US,Female,Black,53,2 (Mid),2 Below Meets,
SNDZ1642,Alexander,Patel,2021-05-04,,Active,,Sales,Talent,AMER,US,Female,Caucasian,28,3 (Mid),4 Exceeds,2023-07-01
SNDZ1643,Aarav,Thomas,2023-09-13,,Active,,Sales,Audit,EMEA,UK,Male,Caucasian,44,4 (Sr),5 Exceeds,
SNDZ1644,Camila,Roberts,2020-07-05,,Active,,HR,Product,AMER,US,Male,Asian,32,1 (Jr),3 Meets,
SNDZ1645,Benjamin,Thompson,2021-05-19,,Active,,Sales,Enterprise,APAC,China,Female,Caucasian,34,3 (Mid),2 Below Meets,2023-10-20
SNDZ1646,Noah,Patel,2016-08-05,,Active,,Finance,Product,AMER,US,Female,Asian,28,1 (Jr),3 Meets,2022-04-20
SNDZ1647,Thomas,Williams,2022-11-27,,Active,,HR,Enterprise,AMER,US,Female,Black,28,4 (Sr),4 Exceeds,
SNDZ1648,Henry,Zhang,2019-10-23,,Active,,Sales,Product,APAC,India,Male,Black,45,6 (VP),3 Meets,2022-07-17
SNDZ1649,Aisha,Harris,2021-01-22,,Active,,Finance,Product,EMEA,UK,Male,Caucasian,22,2 (Mid),3 Meets,
SNDZ1650,Ryan,Morgan,2022-08-31,,Active,,HR,Consumer,AMER,US,Female,Caucasian,23,5 (Dir),3 Meets,
SNDZ1651,Omar,Patel,2018-12-28,,Active,,Engineering,Consumer,AMER,US,Female,Hispanic,42,5 (Dir),3 Meets,
SNDZ1652,Aarav,Smith,2013-04-19,,Active,,Finance,Consumer,EMEA,Germany,Male,Caucasian,53,3 (Mid),3 Meets,2018-01-17
SNDZ1653,Daniel,Kumar,2023-01-25,,Active,,Finance,Enterprise,AMER,US,Male,Asian,50,1 (Jr),4 Exceeds,
SNDZ1654,David,Brown,2019-06-16,,Active,,Sales,Product,EMEA,Germany,Female,Caucasian,56,1 (Jr),1 Below Meets,
SNDZ1655,Emma,Harris,2018-05-15,,Active,,Engineering,Audit,AMER,US,Female,Asian,48,6 (VP),2 Below Meets,
SNDZ1656,Ethan,Walker,2017-07-06,,Active,,R&D,Consumer,AMER,US,Male,Caucasian,39,4 (Sr),3 Meets,2024-10-05
SNDZ1657,Olivia,Anderson,2022-10-27,,Active,,Finance,Product,EMEA,Germany,Male,Hispanic,40,3 (Mid),4 Exceeds,2025-04-19
SNDZ1658,Benjamin,Morgan,2014-04-19,,Active,,Engineering,Consumer,AMER,US,Female,Asian,47,1 (Jr),3 Meets,2022-02-02
SNDZ1659,James,Smith,2018-05-03,,Active,,Engineering,Product,EMEA,UK,Male,Hispanic,42,1 (Jr),3 Meets,2025-06-06
SNDZ1660,Priya,Harris,2016-01-12,,Active,,Engineering,Audit,AMER,US,Female,Asian,40,2 (Mid),4 Exceeds,
SNDZ1661,Aarav,Wang,2019-09-15,2022-01-24,Separated,Voluntary,R&D,Audit,AMER,US,Female,Caucasian,45,2 (Mid),5 Exceeds,2024-08-03
SNDZ1662,Aisha,Williams,2016-11-05,,Active,,Finance,Product,AMER,US,Female,Caucasian,30,2 (Mid),2 Below Meets,
SNDZ1663,Kabir,Garcia,2020-08-13,,Active,,Engineering,Product,AMER,US,Male,Caucasian,46,4 (Sr),3 Meets,
SNDZ1664,Rachel,Miller,2016-08-05,,Active,,Engineering,Talent,APAC,China,Female,Asian,24,1 (Jr),4 Exceeds,2024-06-23
SNDZ1665,Chloe,Taylor,2014-06-14,,Active,,Engineering,Talent,APAC,India,Male,Black,46,3 (Mid),3 Meets,2023-05-26
SNDZ1666,Isabella,Smith,2018-10-06,,Active,,Engineering,Talent,AMER,US,Female,Caucasian,34,6 (VP),4 Exceeds,2024-05-01
SNDZ1667,Michael,Harris,2018-09-13,,Active,,HR,Consumer,APAC,India,Female,Asian,54,5 (Dir),3 Meets,2019-09-20
SNDZ1668,James,Walker,2016-04-19,,Active,,Engineering,Enterprise,AMER,US,Female,Asian,56,1 (Jr),3 Meets,
SNDZ1669,Thomas,Patel,2016-08-29,,Active,,Sales,Audit,AMER,US,Female,Asian,48,6 (VP),3 Meets,2022-08-23
SNDZ1670,Amelia,Johnson,2020-08-29,,Active,,R&D,Product,APAC,China,Male,Black,45,4 (Sr),3 Meets,2024-04-30
SNDZ1671,Sophia,Taylor,2016-11-15,,Active,,Engineering,Product,AMER,US,Male,Black,42,2 (Mid),3 Meets,2021-10-13
SNDZ1672,Emma,Schmidt,2019-01-03,,Active,,HR,Talent,AMER,US,Male,Black,46,2 (Mid),5 Exceeds,2023-04-14
SNDZ1673,David,Gupta,2016-10-22,,Active,,Finance,Consumer,EMEA,Germany,Female,Hispanic,50,1 (Jr),3 Meets,2020-04-18
SNDZ1674,Ethan,Khan,2013-03-03,,Active,,Sales,Consumer,EMEA,UK,Male,Caucasian,36,4 (Sr),3 Meets,2024-06-24
SNDZ1675,Sophia,Shah,2021-09-01,,Active,,Engineering,Enterprise,AMER,US,Female,Caucasian,32,5 (Dir),3 Meets,
SNDZ1676,Camila,Wilson,2022-11-02,,Active,,HR,Talent,AMER,US,Female,Asian,38,3 (Mid),3 Meets,2025-05-16
SNDZ1677,Jasmine,Khan,2015-04-22,,Active,,Sales,Audit,APAC,India,Male,Caucasian,35,1 (Jr),3 Meets,2018-06-10
SNDZ1678,Lucas,Roberts,2013-04-29,2022-05-02,Separated,Voluntary,Sales,Product,AMER,US,Female,Caucasian,27,2 (Mid),3 Meets,2020-03-21
SNDZ1679,Lucas,Roberts,2014-05-23,,Active,,Engineering,Consumer,AMER,US,Female,Black,53,6 (VP),3 Meets,
SNDZ1680,Michael,Khan,2017-06-21,,Active,,Engineering,Enterprise,AMER,US,Female,Hispanic,44,3 (Mid),3 Meets,2023-04-29
SNDZ1681,Hannah,Lewis,2018-06-14,,Active,,Engineering,Talent,AMER,US,Female,Hispanic,36,5 (Dir),2 Below Meets,2024-11-20
SNDZ1682,Ryan,Miller,2023-01-17,2023-10-08,Separated,Voluntary,Engineering,Enterprise,APAC,India,Female,Black,44,3 (Mid),1 Below Meets,
SNDZ1683,James,Kumar,2023-07-27,2023-10-09,Separated,Voluntary,Engineering,Consumer,AMER,US,Female,Black,22,3 (Mid),4 Exceeds,2024-09-26
SNDZ1684,Amelia,Zhang,2020-03-11,,Active,,HR,Product,AMER,US,Female,Black,32,5 (Dir),3 Meets,2023-08-21
SNDZ1685,Michael,Khan,2014-04-11,,Active,,Sales,Consumer,AMER,US,Female,Black,34,3 (Mid),4 Exceeds,
SNDZ1686,Ravi,Harris,2019-02-22,,Active,,Engineering,Talent,AMER,Brazil,Male,Black,46,1 (Jr),3 Meets,2022-01-17
SNDZ1687,Elena,Lewis,2018-02-14,,Active,,HR,Enterprise,APAC,China,Male,Caucasian,54,3 (Mid),3 Meets,
SNDZ1688,Michael,Smith,2020-09-09,,Active,,Engineering,Enterprise,APAC,India,Female,Asian,40,2 (Mid),2 Below Meets,2022-02-19
SNDZ1689,Sophia,Lewis,2019-11-18,,Active,,Engineering,Consumer,EMEA,Germany,Male,Black,35,3 (Mid),3 Meets,2025-03-23
SNDZ1690,Priya,Lee,2017-01-24,,Active,,R&D,Enterprise,APAC,China,Male,Asian,54,3 (Mid),3 Meets,
SNDZ1691,Hannah,Brown,2013-01-07,,Active,,R&D,Product,AMER,US,Male,Caucasian,22,5 (Dir),4 Exceeds,2015-06-19
SNDZ1692,Rachel,Nguyen,2020-06-22,,Active,,Finance,Consumer,AMER,US,Female,Caucasian,27,1 (Jr),2 Below Meets,2024-09-03
SNDZ1693,Nadia,Wang,2017-05-19,,Active,,Engineering,Enterprise,AMER,US,Male,Asian,41,2 (Mid),4 Exceeds,
SNDZ1694,Ethan,Clark,2023-04-21,,Active,,R&D,Enterprise,AMER,US,Male,Hispanic,49,4 (Sr),4 Exceeds,2025-05-31
SNDZ1695,Aisha,Schmidt,2013-01-11,,Active,,R&D,Product,EMEA,Germany,Male,Asian,52,2 (Mid),4 Exceeds,2016-02-05
SNDZ1696,Nadia,Smith,2022-04-18,,Active,,Sales,Consumer,AMER,US,Male,Asian,54,1 (Jr),4 Exceeds,2024-11-12
SNDZ1697,Lucas,Patel,2019-06-11,,Active,,R&D,Talent,AMER,US,Female,Caucasian,47,2 (Mid),4 Exceeds,2023-12-07
SNDZ1698,Nadia,Bennett,2023-01-07,,Active,,Finance,Consumer,EMEA,UK,Female,Hispanic,39,4 (Sr),4 Exceeds,2025-02-03
SNDZ1699,Jonas,Brown,2018-04-23,,Active,,Sales,Enterprise,AMER,US,Male,Asian,44,4 (Sr),1 Below Meets,2022-07-30
SNDZ1700,Isabella,Khan,2022-10-31,,Active,,Engineering,Product,AMER,US,Female,Caucasian,45,6 (VP),5 Exceeds,2024-02-11
SNDZ1701,Jasmine,Patel,2020-06-23,,Active,,R&D,Talent,AMER,US,Female,Hispanic,48,5 (Dir),4 Exceeds,2021-10-26
SNDZ1702,Grace,Miller,2018-08-17,,Active,,Sales,Consumer,AMER,US,Female,Black,57,5 (Dir),3 Meets,2023-04-18
SNDZ1703,Sofia,Lewis,2014-08-14,2018-04-14,Separated,Voluntary,Engineering,Consumer,AMER,US,Female,Caucasian,53,2 (Mid),4 Exceeds,2023-02-17
SNDZ1704,Amelia,Gupta,2013-08-13,,Active,,Finance,Product,AMER,US,Male,Asian,29,2 (Mid),5 Exceeds,2023-09-21
SNDZ1705,Lucas,Nguyen,2022-04-15,,Active,,R&D,Consumer,APAC,India,Male,Asian,54,5 (Dir),1 Below Meets,2023-07-11
SNDZ1706,Aarav,Harris,2022-03-05,,Active,,Engineering,Consumer,AMER,US,Male,Black,49,4 (Sr),5 Exceeds,
SNDZ1707,Amelia,Morgan,2023-08-29,,Active,,HR,Enterprise,AMER,US,Male,Asian,32,1 (Jr),4 Exceeds,2025-03-30
SNDZ1708,James,Nguyen,2013-01-04,,Active,,Engineering,Consumer,AMER,US,Female,Caucasian,45,2 (Mid),3 Meets,
SNDZ1709,Benjamin,Wang,2022-09-10,,Active,,Engineering,Audit,AMER,US,Male,Asian,40,2 (Mid),5 Exceeds,
SNDZ1710,Ravi,Thompson,2019-11-23,,Active,,R&D,Product,EMEA,Germany,Male,Caucasian,52,2 (Mid),4 Exceeds,2022-05-30
SNDZ1711,Nadia,Gupta,2022-11-14,,Active,,Sales,Consumer,AMER,US,Female,Asian,44,3 (Mid),3 Meets,2025-06-08
SNDZ1712,Julia,Thomas,2019-08-31,,Active,,R&D,Audit,AMER,US,Female,Asian,45,5 (Dir),3 Meets,2023-10-21
SNDZ1713,David,Lee,2018-12-08,,Active,,Finance,Consumer,AMER,US,Female,Caucasian,23,6 (VP),4 Exceeds,
SNDZ1714,Camila,Clark,2013-10-03,,Active,,Engineering,Enterprise,AMER,US,Female,Asian,45,2 (Mid),3 Meets,2021-12-09
SNDZ1715,Sophia,Clark,2023-04-11,,Active,,R&D,Talent,AMER,US,Male,Asian,49,5 (Dir),3 Meets,2025-01-17
SNDZ1716,Henry,Davis,2017-10-17,,Active,,HR,Audit,AMER,US,Female,Asian,53,4 (Sr),4 Exceeds,
SNDZ1717,Rachel,Morgan,2018-11-24,,Active,,HR,Enterprise,AMER,US,Female,Caucasian,47,3 (Mid),3 Meets,2023-03-14
SNDZ1718,Sofia,Lewis,2017-04-10,,Active,,Engineering,Consumer,AMER,US,Male,Caucasian,51,3 (Mid),3 Meets,2023-11-30
SNDZ1719,Benjamin,Garcia,2022-06-03,2023-02-04,Separated,Voluntary,Finance,Enterprise,APAC,India,Male,Asian,30,1 (Jr),3 Meets,2023-12-24
SNDZ1720,Maya,Roberts,2018-10-28,,Active,,Sales,Talent,EMEA,Germany,Female,Asian,32,1 (Jr),2 Below Meets,2023-11-23
SNDZ1721,Chloe,Clark,2015-01-01,,Active,,Sales,Consumer,AMER,US,Male,Caucasian,49,3 (Mid),3 Meets,2025-05-01
SNDZ1722,Grace,Miller,2018-12-31,,Active,,HR,Audit,APAC,India,Female,Caucasian,33,3 (Mid),4 Exceeds,2021-07-18
SNDZ1723,Amelia,Chen,2018-10-15,,Active,,R&D,Consumer,AMER,US,Male,Hispanic,41,1 (Jr),3 Meets,2023-10-22
SNDZ1724,Kabir,Walker,2019-10-13,,Active,,Sales,Enterprise,AMER,US,Male,Asian,41,3 (Mid),4 Exceeds,2023-05-27
SNDZ1725,Olivia,Hoffman,2016-02-01,,Active,,Sales,Enterprise,AMER,US,Male,Asian,35,3 (Mid),4 Exceeds,2019-08-20
SNDZ1726,Isabella,Nguyen,2018-09-24,,Active,,Engineering,Enterprise,AMER,US,Male,Black,38,2 (Mid),4 Exceeds,2023-11-15
SNDZ1727,Ravi,Khan,2022-01-07,2022-09-28,Separated,Voluntary,Engineering,Audit,APAC,China,Female,Caucasian,40,6 (VP),4 Exceeds,2023-04-12
SNDZ1728,Thomas,Bennett,2022-06-13,,Active,,R&D,Product,AMER,US,Female,Caucasian,50,2 (Mid),3 Meets,2024-03-21
SNDZ1729,Elena,Zhang,2020-04-19,,Active,,HR,Enterprise,AMER,US,Female,Asian,38,3 (Mid),4 Exceeds,2023-03-04
SNDZ1730,Liam,Schmidt,2018-05-19,,Active,,Sales,Enterprise,APAC,India,Male,Hispanic,43,3 (Mid),2 Below Meets,2025-05-15
SNDZ1731,Sofia,Walker,2018-08-13,,Active,,Sales,Consumer,AMER,US,Female,Asian,65,2 (Mid),3 Meets,2020-03-08
SNDZ1732,Lucas,Kim,2015-12-12,,Active,,R&D,Consumer,AMER,US,Female,Asian,49,3 (Mid),1 Below Meets,
SNDZ1733,Fatima,Walker,2015-10-04,,Active,,Sales,Talent,AMER,Brazil,Male,Caucasian,22,7 (Admin),3 Meets,2017-02-10
SNDZ1734,Ryan,Clark,2022-06-12,,Active,,Sales,Product,AMER,US,Female,Caucasian,36,4 (Sr),3 Meets,2024-07-11
SNDZ1735,Rachel,Wang,2019-07-02,,Active,,Finance,Audit,AMER,US,Female,Asian,32,4 (Sr),5 Exceeds,2022-06-22
SNDZ1736,Kabir,Hoffman,2023-09-05,,Active,,HR,Enterprise,AMER,US,Female,Asian,34,2 (Mid),3 Meets,2025-05-03
SNDZ1737,William,Harris,2020-04-12,2023-09-04,Separated,Voluntary,R&D,Audit,AMER,US,Male,Caucasian,30,1 (Jr),3 Meets,
SNDZ1738,Aarav,Williams,2022-05-07,,Active,,Engineering,Talent,AMER,US,Male,Black,52,3 (Mid),5 Exceeds,
SNDZ1739,David,Anderson,2021-09-04,,Active,,HR,Product,EMEA,UK,Female,Caucasian,32,2 (Mid),4 Exceeds,
SNDZ1740,Sophia,Kim,2015-12-19,,Active,,R&D,Product,AMER,US,Female,Caucasian,39,3 (Mid),4 Exceeds,2024-06-24
SNDZ1741,Vikram,Gupta,2014-10-03,2020-09-05,Separated,Voluntary,Sales,Consumer,APAC,China,Female,Black,41,3 (Mid),4 Exceeds,2020-07-23
SNDZ1742,Amelia,Bennett,2023-09-19,,Active,,R&D,Consumer,EMEA,UK,Female,Black,48,2 (Mid),4 Exceeds,2024-12-13
SNDZ1743,Priya,Clark,2017-12-31,,Active,,Engineering,Audit,AMER,US,Female,Black,29,4 (Sr),1 Below Meets,
SNDZ1744,Sophia,Bennett,2013-10-28,,Active,,R&D,Consumer,APAC,China,Male,Caucasian,48,3 (Mid),4 Exceeds,2024-09-16
SNDZ1745,Sophia,Williams,2023-02-21,,Active,,R&D,Talent,EMEA,Germany,Male,Caucasian,58,3 (Mid),1 Below Meets,
SNDZ1746,Sophia,Johnson,2015-08-14,,Active,,Sales,Enterprise,AMER,Brazil,Male,Asian,57,3 (Mid),3 Meets,
SNDZ1747,Benjamin,Thomas,2015-08-30,,Active,,HR,Product,AMER,US,Female,Asian,43,4 (Sr),5 Exceeds,
SNDZ1748,Grace,Harris,2017-03-26,,Active,,Finance,Enterprise,AMER,US,Female,Asian,35,1 (Jr),4 Exceeds,2022-05-30
SNDZ1749,Camila,Patel,2017-03-27,,Active,,Engineering,Audit,APAC,China,Male,Asian,40,3 (Mid),2 Below Meets,2020-09-17
SNDZ1750,Ryan,Nguyen,2014-02-11,2022-08-22,Separated,Voluntary,Sales,Talent,AMER,US,Male,Hispanic,25,3 (Mid),3 Meets,2018-03-05
SNDZ1751,Elena,Gupta,2023-02-27,,Active,,HR,Consumer,EMEA,Germany,Male,Hispanic,58,4 (Sr),3 Meets,2024-03-20
SNDZ1752,Hannah,Walker,2017-02-03,,Active,,Engineering,Enterprise,EMEA,Germany,Male,Hispanic,46,2 (Mid),5 Exceeds,2020-08-27
SNDZ1753,Emma,Zhang,2021-07-22,,Active,,Engineering,Product,AMER,US,Male,Hispanic,46,2 (Mid),4 Exceeds,2024-04-29
SNDZ1754,Liam,Wilson,2014-06-25,,Active,,Sales,Product,EMEA,Germany,Male,Caucasian,25,4 (Sr),1 Below Meets,2020-07-28
SNDZ1755,Noah,Williams,2017-05-03,,Active,,R&D,Talent,AMER,US,Male,Asian,33,5 (Dir),1 Below Meets,
SNDZ1756,Maya,Williams,2016-11-05,,Active,,Sales,Product,APAC,India,Female,Caucasian,47,5 (Dir),3 Meets,
SNDZ1757,Nadia,Anderson,2018-07-11,,Active,,Sales,Product,EMEA,UK,Female,Caucasian,39,1 (Jr),3 Meets,2022-10-01
SNDZ1758,James,Johnson,2017-08-04,,Active,,Engineering,Consumer,AMER,US,Female,Asian,38,5 (Dir),3 Meets,2024-10-14
SNDZ1759,Sofia,Harris,2014-08-05,,Active,,Finance,Product,AMER,US,Male,Black,49,4 (Sr),4 Exceeds,2018-02-02
SNDZ1760,Priya,Hoffman,2019-05-22,,Active,,HR,Consumer,EMEA,UK,Female,Asian,40,1 (Jr),4 Exceeds,
SNDZ1761,Priya,Bennett,2021-10-05,,Active,,HR,Audit,APAC,China,Female,Asian,45,3 (Mid),4 Exceeds,
SNDZ1762,Ethan,Kumar,2014-01-02,,Active,,Sales,Product,EMEA,UK,Female,Black,50,1 (Jr),3 Meets,
SNDZ1763,Chloe,Khan,2019-08-07,,Active,,Engineering,Consumer,AMER,US,Female,Hispanic,58,7 (Admin),3 Meets,2021-02-03
SNDZ1764,Benjamin,Williams,2015-02-22,,Active,,R&D,Product,AMER,US,Male,Caucasian,45,5 (Dir),3 Meets,
SNDZ1765,Sofia,Taylor,2017-08-11,2024-11-28,Separated,Voluntary,Engineering,Product,AMER,US,Male,Hispanic,41,1 (Jr),3 Meets,2021-12-09
SNDZ1766,Aisha,Clark,2016-06-27,2019-12-20,Separated,Voluntary,Engineering,Consumer,APAC,China,Female,Hispanic,60,5 (Dir),3 Meets,2017-11-27
SNDZ1767,Alexander,Lee,2015-03-06,,Active,,R&D,Product,AMER,US,Female,Caucasian,47,2 (Mid),4 Exceeds,2019-04-18
SNDZ1768,Sofia,Miller,2019-09-02,,Active,,Sales,Consumer,APAC,China,Female,Caucasian,35,3 (Mid),4 Exceeds,
SNDZ1769,Omar,Zhang,2019-03-21,2021-12-01,Separated,Voluntary,Engineering,Enterprise,EMEA,UK,Male,Hispanic,34,2 (Mid),3 Meets,2023-06-10
SNDZ1770,Ravi,Roberts,2022-01-15,2022-02-28,Separated,Voluntary,Engineering,Talent,AMER,US,Female,Hispanic,53,2 (Mid),3 Meets,
SNDZ1771,Noah,Lewis,2021-04-23,,Active,,Engineering,Product,AMER,US,Female,Black,50,2 (Mid),1 Below Meets,
SNDZ1772,Noah,Lee,2021-08-09,2021-10-26,Separated,Voluntary,Engineering,Enterprise,AMER,US,Male,Asian,40,5 (Dir),3 Meets,
SNDZ1773,Julia,Kim,2014-08-27,,Active,,Finance,Enterprise,APAC,China,Female,Asian,32,3 (Mid),3 Meets,
SNDZ1774,Omar,Roberts,2021-09-25,2021-12-18,Separated,Voluntary,Engineering,Enterprise,AMER,US,Female,Asian,50,6 (VP),3 Meets,2024-09-15
SNDZ1775,Ravi,Khan,2017-11-18,,Active,,HR,Enterprise,AMER,US,Female,Asian,45,3 (Mid),3 Meets,2025-04-25
SNDZ1776,Nadia,Taylor,2015-06-29,,Active,,Engineering,Enterprise,AMER,US,Female,Asian,40,2 (Mid),2 Below Meets,
SNDZ1777,Sofia,Miller,2013-12-30,,Active,,Finance,Product,APAC,China,Male,Asian,37,1 (Jr),3 Meets,2022-10-24
SNDZ1778,Maya,Schmidt,2020-10-15,,Active,,Finance,Enterprise,AMER,US,Male,Asian,22,5 (Dir),3 Meets,
SNDZ1779,Kabir,Kim,2013-06-22,,Active,,R&D,Consumer,EMEA,Germany,Male,Asian,42,3 (Mid),3 Meets,2020-07-25
SNDZ1780,Nadia,Patel,2023-01-13,,Active,,Sales,Consumer,AMER,US,Male,Asian,37,2 (Mid),4 Exceeds,2025-02-12
SNDZ1781,Nadia,Morgan,2014-04-03,,Active,,Engineering,Consumer,APAC,China,Female,Caucasian,36,2 (Mid),3 Meets,2015-04-22
SNDZ1782,Jonas,Kim,2016-03-15,,Active,,Finance,Product,AMER,US,Male,Caucasian,41,3 (Mid),3 Meets,
SNDZ1783,Ryan,Gupta,2019-05-11,,Active,,Engineering,Product,AMER,US,Male,Caucasian,43,5 (Dir),3 Meets,
SNDZ1784,Maya,Kim,2021-03-18,,Active,,HR,Enterprise,AMER,US,Male,Hispanic,60,1 (Jr),3 Meets,
SNDZ1785,Fatima,Shah,2019-08-25,,Active,,Finance,Product,AMER,US,Male,Caucasian,44,3 (Mid),2 Below Meets,
SNDZ1786,Elena,Khan,2016-01-30,,Active,,Finance,Talent,AMER,US,Male,Asian,48,2 (Mid),3 Meets,
SNDZ1787,James,Davis,2013-12-14,,Active,,Sales,Audit,EMEA,Germany,Female,Hispanic,34,2 (Mid),5 Exceeds,
SNDZ1788,Ravi,Smith,2013-01-23,,Active,,R&D,Product,EMEA,Germany,Male,Black,46,3 (Mid),3 Meets,2025-05-03
SNDZ1789,Fatima,Roberts,2015-08-08,,Active,,Sales,Talent,AMER,US,Male,Black,65,6 (VP),4 Exceeds,2020-06-08
SNDZ1790,Noah,Chen,2022-01-28,,Active,,Sales,Consumer,AMER,US,Female,Caucasian,52,1 (Jr),4 Exceeds,2023-11-05
SNDZ1791,Emma,Thompson,2013-03-08,,Active,,Engineering,Product,AMER,US,Female,Asian,54,3 (Mid),4 Exceeds,2020-08-03
SNDZ1792,Sophia,Taylor,2017-08-24,,Active,,Finance,Enterprise,AMER,US,Female,Asian,39,4 (Sr),4 Exceeds,2020-07-23
SNDZ1793,Aarav,Chen,2016-10-08,,Active,,Sales,Product,EMEA,Germany,Female,Hispanic,29,2 (Mid),3 Meets,2021-09-17
SNDZ1794,David,Zhang,2017-10-11,,Active,,Sales,Consumer,AMER,US,Female,Black,33,4 (Sr),3 Meets,2020-09-14
SNDZ1795,Camila,Anderson,2017-12-06,2025-07-19,Separated,Voluntary,Engineering,Consumer,AMER,US,Female,Caucasian,45,3 (Mid),3 Meets,2021-08-31
SNDZ1796,James,Roberts,2018-11-14,,Active,,Sales,Enterprise,AMER,US,Female,Caucasian,65,2 (Mid),4 Exceeds,2020-01-14
SNDZ1797,Ethan,Chen,2017-06-04,,Active,,Finance,Product,AMER,US,Female,Caucasian,60,5 (Dir),3 Meets,
SNDZ1798,Maya,Thompson,2023-04-09,,Active,,R&D,Talent,AMER,US,Female,Caucasian,35,3 (Mid),3 Meets,2025-06-19
SNDZ1799,Hannah,Bennett,2022-02-07,,Active,,Engineering,Enterprise,AMER,US,Female,Black,55,3 (Mid),1 Below Meets,
SNDZ1800,Daniel,Patel,2020-04-16,,Active,,HR,Product,AMER,US,Female,Black,49,5 (Dir),3 Meets,2025-02-14
SNDZ1801,Olivia,Roberts,2022-11-30,,Active,,Sales,Enterprise,EMEA,Germany,Male,Asian,36,3 (Mid),3 Meets,
SNDZ1802,Ethan,Morgan,2023-01-22,,Active,,HR,Product,EMEA,UK,Female,Asian,59,3 (Mid),3 Meets,2025-03-25
SNDZ1803,Kabir,Chen,2020-01-14,,Active,,HR,Consumer,AMER,US,Female,Caucasian,60,2 (Mid),4 Exceeds,
SNDZ1804,Benjamin,Williams,2021-12-10,,Active,,HR,Product,AMER,US,Male,Asian,32,1 (Jr),1 Below Meets,2024-08-10
SNDZ1805,Jasmine,Johnson,2018-07-01,,Active,,Sales,Enterprise,AMER,US,Female,Caucasian,44,2 (Mid),4 Exceeds,2021-08-01
SNDZ1806,Fatima,Wilson,2021-07-20,,Active,,HR,Talent,AMER,US,Female,Caucasian,34,4 (Sr),4 Exceeds,2024-08-29
SNDZ1807,Maya,Walker,2015-10-08,,Active,,Sales,Enterprise,AMER,US,Male,Caucasian,48,2 (Mid),4 Exceeds,2016-12-28
SNDZ1808,Olivia,Shah,2022-06-01,2023-02-24,Separated,Voluntary,Sales,Consumer,AMER,US,Male,Hispanic,36,1 (Jr),2 Below Meets,2023-06-08
SNDZ1809,Rachel,Gupta,2020-10-31,,Active,,HR,Consumer,EMEA,UK,Male,Asian,33,2 (Mid),2 Below Meets,2025-04-06
SNDZ1810,Julia,Anderson,2015-12-20,2021-02-04,Separated,Voluntary,Engineering,Enterprise,EMEA,UK,Female,Hispanic,59,3 (Mid),3 Meets,2019-08-31
SNDZ1811,Liam,Roberts,2020-08-18,,Active,,Sales,Product,AMER,US,Female,Black,42,4 (Sr),1 Below Meets,
SNDZ1812,Michael,Brown,2019-08-25,2023-10-03,Separated,Voluntary,Engineering,Product,EMEA,Germany,Male,Caucasian,56,1 (Jr),3 Meets,
SNDZ1813,Arjun,Miller,2017-04-26,,Active,,Sales,Enterprise,AMER,US,Male,Asian,34,5 (Dir),3 Meets,2024-06-01
SNDZ1814,Liam,Davis,2022-05-30,,Active,,Engineering,Consumer,AMER,US,Female,Black,35,2 (Mid),2 Below Meets,2023-09-03
SNDZ1815,Chloe,Kumar,2014-07-31,,Active,,R&D,Product,APAC,China,Female,Hispanic,41,3 (Mid),3 Meets,
SNDZ1816,Isabella,Williams,2023-09-30,,Active,,Engineering,Talent,AMER,US,Female,Caucasian,44,1 (Jr),3 Meets,2024-12-30
SNDZ1817,Aisha,Kim,2022-01-15,,Active,,Sales,Product,AMER,US,Male,Asian,43,1 (Jr),3 Meets,2025-05-18
SNDZ1818,Michael,Gupta,2019-06-07,,Active,,HR,Enterprise,AMER,US,Male,Hispanic,38,1 (Jr),5 Exceeds,2023-07-31
SNDZ1819,Nadia,Davis,2017-05-21,,Active,,Engineering,Enterprise,AMER,US,Male,Black,36,3 (Mid),4 Exceeds,2022-11-04
SNDZ1820,Aarav,Thomas,2016-09-15,2018-02-07,Separated,Voluntary,Sales,Enterprise,APAC,China,Female,Asian,37,2 (Mid),4 Exceeds,2018-07-08
SNDZ1821,Camila,Johnson,2023-09-13,,Active,,Engineering,Enterprise,AMER,US,Female,Black,55,3 (Mid),2 Below Meets,2025-04-12
SNDZ1822,Jonas,Nguyen,2020-09-05,,Active,,Finance,Enterprise,AMER,Brazil,Female,Black,33,1 (Jr),3 Meets,2024-12-18
SNDZ1823,Camila,Zhang,2020-04-15,,Active,,Finance,Enterprise,AMER,US,Male,Hispanic,40,2 (Mid),1 Below Meets,
SNDZ1824,Julia,Khan,2013-03-05,,Active,,R&D,Audit,EMEA,UK,Female,Asian,22,3 (Mid),1 Below Meets,
SNDZ1825,James,Williams,2020-02-12,2021-02-12,Separated,Voluntary,HR,Consumer,AMER,Brazil,Female,Hispanic,43,3 (Mid),4 Exceeds,2021-05-20
SNDZ1826,Aarav,Gupta,2021-09-21,,Active,,R&D,Enterprise,EMEA,UK,Female,Black,41,2 (Mid),3 Meets,2024-02-05
SNDZ1827,Aisha,Miller,2015-05-07,,Active,,HR,Talent,EMEA,Germany,Male,Asian,37,3 (Mid),4 Exceeds,2022-04-28
SNDZ1828,Isabella,Wilson,2018-06-09,,Active,,HR,Consumer,AMER,US,Female,Asian,28,2 (Mid),4 Exceeds,2021-09-21
SNDZ1829,Ethan,Shah,2018-05-29,,Active,,Engineering,Consumer,APAC,India,Female,Caucasian,32,5 (Dir),3 Meets,
SNDZ1830,Grace,Roberts,2013-03-26,,Active,,R&D,Consumer,AMER,US,Female,Asian,64,4 (Sr),3 Meets,
SNDZ1831,Kabir,Harris,2018-10-24,,Active,,Finance,Consumer,APAC,China,Male,Caucasian,45,5 (Dir),3 Meets,
SNDZ1832,Daniel,Zhang,2019-11-02,,Active,,Sales,Product,AMER,US,Male,Caucasian,54,3 (Mid),4 Exceeds,2024-01-28
SNDZ1833,James,Garcia,2017-02-11,2021-05-13,Separated,Voluntary,R&D,Consumer,AMER,US,Male,Black,42,5 (Dir),5 Exceeds,
SNDZ1834,Chloe,Anderson,2021-12-07,,Active,,Finance,Product,AMER,US,Male,Asian,35,3 (Mid),2 Below Meets,
SNDZ1835,Ravi,Morgan,2017-10-11,,Active,,Finance,Consumer,EMEA,Germany,Female,Black,27,3 (Mid),3 Meets,2023-06-01
SNDZ1836,Emma,Brown,2017-08-06,2020-11-19,Separated,Voluntary,Sales,Consumer,AMER,US,Female,Hispanic,30,2 (Mid),3 Meets,2023-10-19
SNDZ1837,Lucas,Johnson,2021-02-04,,Active,,Finance,Consumer,APAC,India,Male,Black,51,5 (Dir),5 Exceeds,2022-08-06
SNDZ1838,Fatima,Anderson,2016-02-23,,Active,,Sales,Enterprise,APAC,India,Male,Asian,55,3 (Mid),3 Meets,2024-08-15
SNDZ1839,Sophia,Davis,2016-04-13,,Active,,Finance,Consumer,AMER,US,Female,Hispanic,60,2 (Mid),3 Meets,2018-07-30
SNDZ1840,Jasmine,Thompson,2020-07-27,,Active,,Engineering,Product,AMER,US,Female,Asian,40,6 (VP),4 Exceeds,2024-07-09
SNDZ1841,Priya,Nguyen,2016-10-25,,Active,,Sales,Audit,APAC,China,Male,Asian,65,2 (Mid),2 Below Meets,2022-02-24
SNDZ1842,Hannah,Gupta,2015-07-14,2020-06-30,Separated,Voluntary,R&D,Talent,AMER,US,Female,Asian,26,2 (Mid),3 Meets,
SNDZ1843,Maya,Johnson,2017-01-31,,Active,,Engineering,Consumer,AMER,US,Female,Asian,35,4 (Sr),3 Meets,2022-03-14
SNDZ1844,Ethan,Chen,2020-12-07,2021-01-18,Separated,Voluntary,Sales,Consumer,AMER,US,Female,Caucasian,45,3 (Mid),2 Below Meets,2023-04-06
SNDZ1845,Vikram,Gupta,2021-06-09,,Active,,R&D,Enterprise,APAC,China,Male,Asian,37,4 (Sr),4 Exceeds,2022-07-02
SNDZ1846,Fatima,Lee,2020-10-14,,Active,,Finance,Consumer,AMER,US,Female,Caucasian,34,3 (Mid),4 Exceeds,2024-04-17
SNDZ1847,Ravi,Brown,2014-09-06,,Active,,HR,Talent,AMER,US,Female,Asian,53,2 (Mid),2 Below Meets,
SNDZ1848,Daniel,Miller,2018-03-11,,Active,,R&D,Enterprise,EMEA,UK,Male,Asian,30,2 (Mid),3 Meets,
SNDZ1849,Hannah,Williams,2018-05-16,,Active,,Finance,Enterprise,AMER,US,Female,Caucasian,22,4 (Sr),3 Meets,
SNDZ1850,Camila,Garcia,2018-04-19,,Active,,HR,Product,APAC,China,Female,Hispanic,40,6 (VP),5 Exceeds,2021-06-13
SNDZ1851,Emma,Roberts,2017-09-16,,Active,,HR,Consumer,AMER,US,Male,Caucasian,32,3 (Mid),2 Below Meets,2019-08-30
SNDZ1852,Amelia,Taylor,2019-03-07,,Active,,R&D,Audit,AMER,US,Female,Asian,44,5 (Dir),3 Meets,2022-06-26
SNDZ1853,Jonas,Shah,2014-08-21,,Active,,Sales,Enterprise,APAC,India,Male,Hispanic,37,4 (Sr),3 Meets,2022-01-03
SNDZ1854,Hannah,Gupta,2015-12-20,,Active,,HR,Enterprise,EMEA,UK,Male,Black,41,1 (Jr),3 Meets,2019-12-02
SNDZ1855,Lucas,Wang,2023-03-14,,Active,,Engineering,Product,AMER,US,Female,Caucasian,30,4 (Sr),3 Meets,2025-03-03
SNDZ1856,Emma,Miller,2021-06-28,,Active,,Sales,Consumer,APAC,China,Female,Black,42,2 (Mid),3 Meets,2024-12-27
SNDZ1857,James,Roberts,2019-05-29,,Active,,R&D,Product,AMER,US,Female,Hispanic,58,4 (Sr),3 Meets,
SNDZ1858,Jasmine,Brown,2015-04-12,,Active,,Engineering,Product,AMER,US,Male,Caucasian,32,4 (Sr),4 Exceeds,2022-11-30
SNDZ1859,Aarav,Shah,2020-12-18,,Active,,Engineering,Consumer,AMER,US,Female,Black,38,4 (Sr),5 Exceeds,2023-05-11
SNDZ1860,Daniel,Zhang,2023-02-06,,Active,,HR,Product,AMER,US,Female,Caucasian,64,1 (Jr),4 Exceeds,2024-06-23
SNDZ1861,Emma,Khan,2018-07-16,,Active,,Engineering,Talent,AMER,US,Male,Asian,27,3 (Mid),5 Exceeds,
SNDZ1862,Grace,Johnson,2018-02-28,,Active,,HR,Consumer,AMER,US,Female,Caucasian,34,1 (Jr),3 Meets,
SNDZ1863,Omar,Clark,2016-02-16,,Active,,Finance,Audit,EMEA,Germany,Female,Hispanic,47,3 (Mid),2 Below Meets,
SNDZ1864,James,Anderson,2015-02-19,,Active,,Sales,Product,AMER,US,Female,Asian,29,3 (Mid),3 Meets,2024-11-29
SNDZ1865,William,Garcia,2019-03-11,,Active,,R&D,Consumer,APAC,India,Male,Hispanic,25,1 (Jr),3 Meets,
SNDZ1866,Benjamin,Taylor,2021-03-01,,Active,,R&D,Enterprise,AMER,US,Male,Caucasian,49,4 (Sr),3 Meets,
SNDZ1867,Kabir,Brown,2016-09-24,,Active,,Sales,Product,AMER,US,Male,Black,31,4 (Sr),4 Exceeds,2024-08-13
SNDZ1868,Henry,Anderson,2019-03-12,,Active,,HR,Consumer,AMER,US,Female,Asian,46,6 (VP),5 Exceeds,2020-07-12
SNDZ1869,Kabir,Brown,2018-06-18,,Active,,HR,Enterprise,AMER,US,Male,Hispanic,50,2 (Mid),3 Meets,2020-03-12
SNDZ1870,Liam,Thomas,2016-07-07,2022-11-05,Separated,Voluntary,Sales,Product,AMER,US,Male,Asian,51,1 (Jr),2 Below Meets,2021-09-16
SNDZ1871,Rachel,Davis,2021-11-05,,Active,,Engineering,Enterprise,AMER,US,Female,Caucasian,37,4 (Sr),3 Meets,2024-03-22
SNDZ1872,Priya,Gupta,2014-08-22,,Active,,Sales,Consumer,AMER,US,Male,Caucasian,42,2 (Mid),3 Meets,2019-09-09
SNDZ1873,Ryan,Zhang,2020-11-24,,Active,,HR,Consumer,AMER,US,Male,Caucasian,38,3 (Mid),3 Meets,
SNDZ1874,Ravi,Nguyen,2015-06-23,,Active,,R&D,Product,AMER,US,Female,Asian,37,4 (Sr),2 Below Meets,2023-08-23
SNDZ1875,Jonas,Khan,2015-02-04,,Active,,R&D,Consumer,EMEA,Germany,Female,Black,37,6 (VP),1 Below Meets,
SNDZ1876,Isabella,Roberts,2018-04-03,,Active,,R&D,Product,AMER,US,Male,Black,48,1 (Jr),3 Meets,2023-08-03
SNDZ1877,Michael,Shah,2019-11-02,,Active,,Engineering,Product,AMER,US,Female,Asian,62,2 (Mid),3 Meets,
SNDZ1878,Thomas,Bennett,2016-03-26,,Active,,HR,Product,AMER,US,Female,Black,36,1 (Jr),3 Meets,2019-07-05
SNDZ1879,Jasmine,Smith,2023-08-04,,Active,,Finance,Consumer,AMER,US,Female,Caucasian,48,2 (Mid),4 Exceeds,2025-04-09
SNDZ1880,Emma,Bennett,2022-07-16,,Active,,Engineering,Enterprise,APAC,China,Male,Caucasian,55,2 (Mid),5 Exceeds,
SNDZ1881,Hannah,Williams,2017-05-23,,Active,,R&D,Product,EMEA,UK,Female,Asian,49,3 (Mid),5 Exceeds,2024-03-01
SNDZ1882,Aisha,Taylor,2018-01-12,,Active,,Sales,Enterprise,EMEA,UK,Female,Asian,38,3 (Mid),3 Meets,2023-04-23
SNDZ1883,Olivia,Anderson,2014-03-19,,Active,,R&D,Consumer,AMER,US,Male,Hispanic,56,1 (Jr),3 Meets,2024-07-18
SNDZ1884,Ryan,Schmidt,2018-10-22,,Active,,HR,Talent,EMEA,UK,Female,Hispanic,35,3 (Mid),3 Meets,
SNDZ1885,Amelia,Gupta,2020-09-01,,Active,,Sales,Consumer,APAC,China,Female,Asian,33,7 (Admin),1 Below Meets,
SNDZ1886,Omar,Chen,2020-04-15,,Active,,R&D,Consumer,AMER,US,Male,Black,27,4 (Sr),3 Meets,
SNDZ1887,Vikram,Clark,2016-12-21,,Active,,Sales,Consumer,EMEA,Germany,Male,Asian,22,4 (Sr),1 Below Meets,
SNDZ1888,Michael,Miller,2014-09-16,,Active,,Engineering,Consumer,EMEA,Germany,Female,Black,43,1 (Jr),3 Meets,
SNDZ1889,Kabir,Anderson,2020-12-27,,Active,,Engineering,Enterprise,AMER,US,Male,Black,50,3 (Mid),3 Meets,
SNDZ1890,Camila,Taylor,2021-09-26,,Active,,HR,Consumer,AMER,US,Male,Asian,36,3 (Mid),3 Meets,
SNDZ1891,Liam,Nguyen,2021-06-02,,Active,,R&D,Enterprise,AMER,US,Male,Hispanic,65,1 (Jr),3 Meets,2024-03-21
SNDZ1892,Jonas,Lee,2022-06-25,,Active,,Sales,Consumer,APAC,China,Female,Asian,53,2 (Mid),3 Meets,
SNDZ1893,Kabir,Nguyen,2021-08-31,,Active,,Engineering,Product,AMER,US,Male,Caucasian,49,1 (Jr),3 Meets,
SNDZ1894,Elena,Kim,2017-03-19,,Active,,Finance,Product,AMER,US,Male,Caucasian,57,2 (Mid),3 Meets,
SNDZ1895,Ravi,Walker,2015-05-05,,Active,,HR,Consumer,AMER,US,Female,Black,25,6 (VP),3 Meets,2020-09-10
SNDZ1896,Fatima,Wang,2020-02-28,,Active,,R&D,Audit,AMER,US,Female,Caucasian,59,3 (Mid),5 Exceeds,2022-07-08
SNDZ1897,David,Khan,2022-02-28,,Active,,Engineering,Consumer,APAC,China,Female,Asian,40,2 (Mid),5 Exceeds,
SNDZ1898,Sophia,Anderson,2019-01-12,,Active,,Sales,Product,EMEA,UK,Male,Asian,46,3 (Mid),4 Exceeds,2024-02-04
SNDZ1899,Ravi,Lee,2013-03-09,,Active,,HR,Product,AMER,US,Male,Black,46,2 (Mid),1 Below Meets,
SNDZ1900,Ravi,Lewis,2017-01-05,,Active,,Sales,Talent,AMER,US,Female,Caucasian,26,2 (Mid),1 Below Meets,2019-09-09
SNDZ1901,Liam,Nguyen,2019-02-03,,Active,,Sales,Enterprise,EMEA,Germany,Female,Asian,36,7 (Admin),3 Meets,2021-06-28
SNDZ1902,Alexander,Thomas,2014-01-15,,Active,,Engineering,Enterprise,APAC,China,Male,Black,46,3 (Mid),2 Below Meets,2015-10-29
SNDZ1903,Michael,Patel,2019-04-18,,Active,,HR,Product,APAC,China,Male,Asian,35,5 (Dir),2 Below Meets,2022-03-14
SNDZ1904,Fatima,Johnson,2023-04-11,,Active,,HR,Audit,APAC,China,Female,Hispanic,48,2 (Mid),4 Exceeds,
SNDZ1905,Grace,Bennett,2022-09-08,2023-04-04,Separated,Voluntary,Engineering,Product,AMER,US,Male,Black,24,3 (Mid),3 Meets,
SNDZ1906,Emma,Johnson,2016-07-21,,Active,,HR,Enterprise,AMER,US,Male,Hispanic,40,3 (Mid),3 Meets,
SNDZ1907,Noah,Williams,2017-05-25,,Active,,Finance,Enterprise,APAC,China,Male,Asian,22,4 (Sr),3 Meets,2024-01-06
SNDZ1908,Sophia,Davis,2019-03-04,,Active,,Sales,Enterprise,APAC,China,Male,Hispanic,54,1 (Jr),3 Meets,2024-11-08
SNDZ1909,Fatima,Wang,2022-07-11,,Active,,Engineering,Product,AMER,US,Female,Asian,52,2 (Mid),4 Exceeds,
SNDZ1910,Alexander,Thompson,2022-02-11,,Active,,Finance,Consumer,AMER,US,Female,Caucasian,49,1 (Jr),3 Meets,2024-07-08
SNDZ1911,Benjamin,Wang,2014-05-13,,Active,,HR,Product,AMER,US,Female,Black,51,3 (Mid),3 Meets,2022-06-29
SNDZ1912,Omar,Wilson,2013-03-17,,Active,,R&D,Enterprise,AMER,US,Male,Asian,37,3 (Mid),3 Meets,2021-12-15
SNDZ1913,Noah,Gupta,2014-06-19,,Active,,Finance,Enterprise,AMER,US,Male,Hispanic,28,5 (Dir),3 Meets,2020-12-14
SNDZ1914,Ryan,Roberts,2020-12-05,,Active,,Finance,Enterprise,EMEA,Germany,Female,Caucasian,59,4 (Sr),3 Meets,2023-10-18
SNDZ1915,William,Gupta,2013-11-06,,Active,,Engineering,Enterprise,EMEA,Germany,Female,Caucasian,30,2 (Mid),4 Exceeds,2024-08-30
SNDZ1916,Omar,Nguyen,2017-05-26,,Active,,Finance,Product,EMEA,Germany,Female,Asian,59,6 (VP),3 Meets,
SNDZ1917,Daniel,Thomas,2022-01-03,,Active,,Engineering,Enterprise,AMER,US,Male,Hispanic,48,3 (Mid),3 Meets,2023-10-09
SNDZ1918,Rachel,Miller,2019-06-02,,Active,,HR,Consumer,AMER,US,Male,Asian,51,1 (Jr),3 Meets,2021-06-09
SNDZ1919,James,Zhang,2022-12-21,,Active,,Finance,Product,AMER,US,Male,Asian,46,6 (VP),3 Meets,2025-05-02
SNDZ1920,Olivia,Walker,2023-08-26,,Active,,Sales,Product,AMER,Brazil,Male,Hispanic,57,1 (Jr),4 Exceeds,2024-10-18
SNDZ1921,Alexander,Brown,2018-11-24,,Active,,Engineering,Enterprise,AMER,US,Female,Asian,47,4 (Sr),3 Meets,
SNDZ1922,Maya,Kumar,2017-09-28,,Active,,Engineering,Enterprise,EMEA,Germany,Male,Hispanic,40,4 (Sr),3 Meets,2022-10-29
SNDZ1923,Amelia,Davis,2019-07-08,,Active,,Sales,Talent,AMER,US,Male,Asian,28,2 (Mid),3 Meets,2024-10-28
SNDZ1924,Jonas,Khan,2017-09-21,,Active,,Engineering,Product,AMER,US,Female,Black,32,5 (Dir),4 Exceeds,2020-07-30
SNDZ1925,Elena,Gupta,2023-02-13,,Active,,R&D,Product,EMEA,UK,Male,Caucasian,28,4 (Sr),3 Meets,2024-12-20
SNDZ1926,Sofia,Davis,2014-04-27,,Active,,Sales,Product,AMER,US,Male,Caucasian,49,2 (Mid),3 Meets,2016-12-17
SNDZ1927,Elena,Gupta,2021-10-29,,Active,,Sales,Enterprise,AMER,US,Male,Asian,54,2 (Mid),3 Meets,2023-08-02
SNDZ1928,Vikram,Morgan,2015-04-15,2018-05-09,Separated,Voluntary,HR,Enterprise,AMER,US,Female,Black,43,4 (Sr),4 Exceeds,2022-05-18
SNDZ1929,Aisha,Zhang,2014-12-23,,Active,,R&D,Product,AMER,US,Male,Asian,56,2 (Mid),1 Below Meets,2025-03-03
SNDZ1930,Thomas,Gupta,2014-02-24,,Active,,Sales,Consumer,AMER,US,Female,Caucasian,46,2 (Mid),3 Meets,2019-05-08
SNDZ1931,Jonas,Smith,2017-06-06,,Active,,Sales,Talent,APAC,India,Male,Hispanic,26,1 (Jr),3 Meets,2022-12-22
SNDZ1932,Kabir,Shah,2023-07-04,,Active,,R&D,Product,APAC,India,Male,Black,28,3 (Mid),3 Meets,2025-04-26
SNDZ1933,Aarav,Brown,2016-02-12,2025-09-21,Separated,Voluntary,Finance,Audit,AMER,US,Male,Asian,41,3 (Mid),4 Exceeds,2022-09-23
SNDZ1934,Thomas,Khan,2021-07-20,,Active,,R&D,Enterprise,AMER,US,Female,Hispanic,35,2 (Mid),1 Below Meets,
SNDZ1935,Nadia,Wang,2015-07-15,,Active,,Engineering,Enterprise,AMER,US,Female,Caucasian,52,3 (Mid),3 Meets,2018-12-06
SNDZ1936,Alexander,Miller,2020-10-01,,Active,,Engineering,Consumer,APAC,China,Male,Asian,24,1 (Jr),2 Below Meets,
SNDZ1937,Aarav,Clark,2018-07-07,,Active,,Engineering,Enterprise,AMER,US,Male,Asian,65,3 (Mid),3 Meets,2020-11-12
SNDZ1938,Julia,Khan,2013-07-21,,Active,,Engineering,Product,AMER,US,Female,Black,34,6 (VP),2 Below Meets,
SNDZ1939,Isabella,Nguyen,2017-05-04,,Active,,Engineering,Audit,EMEA,UK,Male,Asian,38,4 (Sr),4 Exceeds,
SNDZ1940,Kabir,Shah,2015-09-12,,Active,,Sales,Enterprise,AMER,US,Female,Black,41,3 (Mid),4 Exceeds,2018-11-15
SNDZ1941,Alexander,Taylor,2015-05-11,,Active,,Sales,Talent,APAC,China,Male,Asian,48,3 (Mid),3 Meets,2020-09-24
SNDZ1942,Priya,Gupta,2021-03-03,,Active,,Engineering,Product,APAC,China,Male,Asian,49,3 (Mid),3 Meets,2025-05-31
SNDZ1943,Ethan,Lee,2016-05-21,,Active,,Sales,Enterprise,AMER,US,Female,Asian,55,4 (Sr),4 Exceeds,2019-01-10
SNDZ1944,Priya,Gupta,2015-03-31,,Active,,R&D,Enterprise,AMER,US,Male,Asian,40,4 (Sr),4 Exceeds,2016-05-09
SNDZ1945,Kabir,Patel,2021-03-03,2021-07-15,Separated,Voluntary,Sales,Audit,AMER,US,Female,Black,40,2 (Mid),5 Exceeds,2023-06-27
SNDZ1946,Olivia,Nguyen,2017-11-29,,Active,,R&D,Product,AMER,US,Male,Asian,36,5 (Dir),4 Exceeds,
SNDZ1947,Rachel,Brown,2015-04-27,,Active,,Sales,Consumer,APAC,India,Female,Asian,47,1 (Jr),4 Exceeds,
SNDZ1948,Aarav,Wilson,2023-03-18,,Active,,HR,Product,APAC,China,Female,Asian,49,1 (Jr),2 Below Meets,2025-06-23
SNDZ1949,Amelia,Brown,2013-09-16,,Active,,Engineering,Product,APAC,China,Female,Caucasian,56,1 (Jr),4 Exceeds,2018-08-27
SNDZ1950,Maya,Lee,2019-11-07,2024-10-05,Separated,Voluntary,Engineering,Product,AMER,US,Female,Caucasian,46,2 (Mid),3 Meets,
SNDZ1951,Fatima,Garcia,2018-04-20,,Active,,R&D,Enterprise,AMER,US,Female,Caucasian,60,5 (Dir),2 Below Meets,2020-06-20
SNDZ1952,Omar,Clark,2022-01-27,2022-11-23,Separated,Voluntary,Sales,Product,AMER,US,Male,Black,33,3 (Mid),4 Exceeds,
SNDZ1953,Ryan,Miller,2022-08-24,,Active,,Sales,Enterprise,APAC,China,Female,Caucasian,24,4 (Sr),3 Meets,2025-03-18
SNDZ1954,Emma,Zhang,2013-05-01,,Active,,Engineering,Enterprise,APAC,India,Female,Caucasian,44,1 (Jr),3 Meets,2022-01-24
SNDZ1955,Rachel,Khan,2014-03-26,,Active,,Sales,Enterprise,AMER,US,Male,Asian,42,2 (Mid),4 Exceeds,
SNDZ1956,Rachel,Garcia,2017-02-03,,Active,,Finance,Consumer,AMER,US,Male,Hispanic,41,2 (Mid),2 Below Meets,2025-03-26
SNDZ1957,Jonas,Nguyen,2014-03-29,,Active,,Finance,Product,EMEA,Germany,Female,Black,28,4 (Sr),4 Exceeds,2023-02-03
SNDZ1958,Michael,Zhang,2014-06-27,,Active,,Engineering,Talent,APAC,India,Male,Black,45,2 (Mid),1 Below Meets,2018-09-16
SNDZ1959,Liam,Chen,2020-03-04,,Active,,Engineering,Product,AMER,US,Female,Asian,38,3 (Mid),3 Meets,
SNDZ1960,Benjamin,Wang,2019-04-05,,Active,,R&D,Product,AMER,US,Female,Asian,39,3 (Mid),3 Meets,2024-09-08
SNDZ1961,Arjun,Morgan,2023-08-25,2024-07-01,Separated,Voluntary,Sales,Product,AMER,US,Male,Asian,42,2 (Mid),3 Meets,
SNDZ1962,Julia,Wang,2013-04-28,,Active,,Sales,Consumer,AMER,US,Male,Asian,56,4 (Sr),4 Exceeds,2024-11-21
SNDZ1963,Ravi,Smith,2018-08-25,,Active,,Finance,Talent,AMER,US,Male,Caucasian,39,3 (Mid),3 Meets,
SNDZ1964,Alexander,Bennett,2018-12-03,2023-02-12,Separated,Voluntary,Engineering,Product,APAC,India,Female,Asian,28,2 (Mid),3 Meets,2020-11-30
SNDZ1965,Benjamin,Johnson,2019-06-21,,Active,,Engineering,Product,AMER,US,Male,Caucasian,45,5 (Dir),4 Exceeds,2020-08-16
SNDZ1966,Ethan,Garcia,2020-11-09,,Active,,HR,Audit,AMER,US,Male,Asian,46,4 (Sr),4 Exceeds,2023-09-26
SNDZ1967,Lucas,Lee,2022-11-26,,Active,,Sales,Enterprise,AMER,US,Female,Asian,45,4 (Sr),4 Exceeds,
SNDZ1968,Elena,Schmidt,2022-01-15,,Active,,Sales,Consumer,AMER,US,Male,Asian,56,1 (Jr),3 Meets,2023-04-10
SNDZ1969,William,Nguyen,2013-01-22,,Active,,Sales,Product,AMER,US,Male,Hispanic,39,4 (Sr),4 Exceeds,2018-11-18
SNDZ1970,William,Wang,2022-09-23,,Active,,Sales,Product,AMER,US,Female,Caucasian,65,4 (Sr),1 Below Meets,
SNDZ1971,Ryan,Johnson,2013-12-06,,Active,,Engineering,Enterprise,AMER,Brazil,Female,Asian,49,4 (Sr),4 Exceeds,
SNDZ1972,Priya,Harris,2017-09-21,2025-03-20,Separated,Voluntary,Engineering,Audit,EMEA,Germany,Female,Caucasian,53,1 (Jr),4 Exceeds,2024-01-24
SNDZ1973,Thomas,Wilson,2013-04-18,,Active,,Sales,Product,AMER,US,Male,Asian,44,2 (Mid),5 Exceeds,2016-12-10
SNDZ1974,David,Hoffman,2023-05-25,2024-02-13,Separated,Voluntary,Sales,Talent,AMER,US,Male,Hispanic,65,3 (Mid),3 Meets,2024-06-03
SNDZ1975,Jonas,Thomas,2018-03-10,,Active,,Engineering,Enterprise,AMER,US,Male,Asian,56,4 (Sr),4 Exceeds,2020-10-02
SNDZ1976,Benjamin,Williams,2022-02-07,,Active,,Finance,Product,AMER,US,Female,Asian,40,2 (Mid),3 Meets,
SNDZ1977,Ravi,Wilson,2023-03-28,,Active,,Finance,Enterprise,AMER,US,Male,Black,30,3 (Mid),4 Exceeds,2025-07-01
SNDZ1978,Henry,Anderson,2014-09-11,,Active,,HR,Talent,AMER,US,Male,Caucasian,49,2 (Mid),1 Below Meets,
SNDZ1979,Benjamin,Harris,2017-06-11,,Active,,Sales,Consumer,EMEA,Germany,Female,Asian,27,3 (Mid),4 Exceeds,
SNDZ1980,Lucas,Wilson,2014-05-09,,Active,,Engineering,Consumer,AMER,US,Female,Asian,42,5 (Dir),4 Exceeds,2016-08-21
SNDZ1981,William,Kumar,2023-04-11,,Active,,Sales,Audit,AMER,US,Male,Caucasian,56,2 (Mid),3 Meets,2025-06-25
SNDZ1982,Elena,Kumar,2021-12-13,,Active,,Engineering,Consumer,AMER,US,Female,Asian,33,4 (Sr),2 Below Meets,2024-09-08
SNDZ1983,Rachel,Thompson,2018-02-03,2020-12-01,Separated,Voluntary,Engineering,Audit,AMER,US,Male,Caucasian,43,3 (Mid),4 Exceeds,2023-07-14
SNDZ1984,Thomas,Johnson,2019-09-22,,Active,,Finance,Consumer,AMER,US,Female,Asian,47,5 (Dir),3 Meets,2021-12-09
SNDZ1985,Chloe,Smith,2021-12-04,,Active,,Engineering,Audit,AMER,US,Male,Caucasian,55,2 (Mid),3 Meets,
SNDZ1986,Ryan,Lee,2019-10-13,,Active,,Engineering,Enterprise,EMEA,Germany,Female,Caucasian,38,4 (Sr),3 Meets,2024-05-04
SNDZ1987,Ravi,Thompson,2013-04-03,,Active,,R&D,Enterprise,AMER,US,Male,Asian,28,4 (Sr),1 Below Meets,2017-06-17
SNDZ1988,Vikram,Zhang,2018-08-24,,Active,,Engineering,Enterprise,AMER,US,Male,Hispanic,58,4 (Sr),4 Exceeds,2024-08-08
SNDZ1989,Benjamin,Hoffman,2013-05-31,,Active,,HR,Enterprise,EMEA,Germany,Male,Asian,22,5 (Dir),3 Meets,2018-01-13
SNDZ1990,Aisha,Anderson,2019-06-15,,Active,,Engineering,Consumer,AMER,US,Female,Black,65,2 (Mid),3 Meets,2022-01-17
SNDZ1991,Julia,Bennett,2014-06-03,,Active,,Engineering,Audit,AMER,US,Female,Caucasian,38,4 (Sr),5 Exceeds,
SNDZ1992,Thomas,Garcia,2019-08-11,,Active,,Engineering,Enterprise,AMER,US,Male,Hispanic,22,2 (Mid),3 Meets,2020-10-29
SNDZ1993,Thomas,Khan,2019-11-28,2021-09-15,Separated,Voluntary,Sales,Talent,AMER,US,Female,Caucasian,56,2 (Mid),3 Meets,2021-11-19
SNDZ1994,Olivia,Lewis,2017-07-16,,Active,,Finance,Consumer,APAC,China,Male,Caucasian,39,1 (Jr),3 Meets,2023-06-21
SNDZ1995,Rachel,Garcia,2014-01-05,,Active,,Engineering,Consumer,AMER,US,Male,Black,46,4 (Sr),4 Exceeds,2023-05-14
SNDZ1996,Nadia,Shah,2021-02-12,,Active,,Engineering,Consumer,AMER,US,Male,Black,46,3 (Mid),4 Exceeds,2025-04-02
SNDZ1997,Nadia,Smith,2023-08-27,,Active,,R&D,Audit,AMER,US,Male,Asian,41,2 (Mid),4 Exceeds,2024-12-02
SNDZ1998,Thomas,Clark,2013-09-24,,Active,,HR,Enterprise,EMEA,Germany,Female,Asian,45,2 (Mid),4 Exceeds,2017-06-12
SNDZ1999,Ravi,Wang,2016-01-17,,Active,,Finance,Consumer,AMER,US,Female,Hispanic,43,1 (Jr),4 Exceeds,2018-07-02
SNDZ2000,Alexander,Nguyen,2017-11-19,,Active,,Engineering,Consumer,APAC,India,Male,Caucasian,45,3 (Mid),5 Exceeds,
